-- phpMyAdmin SQL Dump
-- version 4.6.6
-- https://www.phpmyadmin.net/
--
-- Servidor: localhost
-- Tiempo de generación: 19-02-2019 a las 05:23:05
-- Versión del servidor: 10.1.36-MariaDB
-- Versión de PHP: 7.0.32

SET SQL_MODE = "NO_AUTO_VALUE_ON_ZERO";
SET time_zone = "+00:00";


/*!40101 SET @OLD_CHARACTER_SET_CLIENT=@@CHARACTER_SET_CLIENT */;
/*!40101 SET @OLD_CHARACTER_SET_RESULTS=@@CHARACTER_SET_RESULTS */;
/*!40101 SET @OLD_COLLATION_CONNECTION=@@COLLATION_CONNECTION */;
/*!40101 SET NAMES utf8mb4 */;

--
-- Base de datos: `milmanos_system`
--

-- --------------------------------------------------------

--
-- Estructura de tabla para la tabla `areas`
--

CREATE TABLE `areas` (
  `id_area` int(10) UNSIGNED NOT NULL,
  `name` varchar(255) DEFAULT NULL,
  `description` text,
  `created_on` int(11) NOT NULL,
  `active` tinyint(1) NOT NULL DEFAULT '1'
) ENGINE=InnoDB DEFAULT CHARSET=latin1;

--
-- Volcado de datos para la tabla `areas`
--

INSERT INTO `areas` (`id_area`, `name`, `description`, `created_on`, `active`) VALUES
(1, 'THE BOX', 'THE BOX', 1531865481, 1),
(2, 'AREA 52', 'AREA 52', 1532587153, 1),
(3, 'Area 1', 'Ensamble', 1540853696, 1),
(4, 'Linea A', 'Ensamble', 1540942434, 1),
(5, 'Linea B', 'Pintura', 1540942454, 1),
(6, 'Nave 3', 'ensamble', 1541024012, 1),
(7, 'Nave 10', 'Ensamble', 1541025879, 1),
(8, 'prueba3', 'estos es una prueba', 1541090480, 1),
(9, 'Bodega externa 1', 'Inspección de ruido', 1544550683, 1);

-- --------------------------------------------------------

--
-- Estructura de tabla para la tabla `boxes`
--

CREATE TABLE `boxes` (
  `id_box` int(11) UNSIGNED NOT NULL,
  `id_operator` int(11) UNSIGNED NOT NULL,
  `htc` int(11) UNSIGNED NOT NULL,
  `box_number` varchar(255) DEFAULT NULL,
  `pieces_number` int(11) DEFAULT NULL,
  `serial` varchar(255) DEFAULT NULL,
  `lote` varchar(255) NOT NULL,
  `nok_pieces` int(11) DEFAULT NULL,
  `production_time` int(11) DEFAULT NULL,
  `pause_time` int(11) DEFAULT NULL,
  `complete` tinyint(1) NOT NULL DEFAULT '0',
  `created_on` datetime NOT NULL DEFAULT CURRENT_TIMESTAMP
) ENGINE=InnoDB DEFAULT CHARSET=latin1;

--
-- Volcado de datos para la tabla `boxes`
--

INSERT INTO `boxes` (`id_box`, `id_operator`, `htc`, `box_number`, `pieces_number`, `serial`, `lote`, `nok_pieces`, `production_time`, `pause_time`, `complete`, `created_on`) VALUES
(1, 2, 1, '1', 90, '123456', '1', 10, 120, 10, 1, '2018-08-27 13:24:56'),
(2, 2, 2, '1', 90, '123456', '', 10, 120, 10, 1, '2018-08-27 13:27:56'),
(3, 2, 2, '1', 90, '123456', '', 10, 120, 10, 1, '2018-08-27 13:32:15'),
(4, 2, 2, '1', 90, '123456', '', 10, 120, 10, 1, '2018-08-27 13:32:25'),
(5, 2, 2, '1', 90, '123456', '', 10, 120, 10, 1, '2018-08-27 13:32:39'),
(6, 2, 2, '1', 90, '123456', '', 10, 120, 10, 1, '2018-08-27 13:33:29'),
(7, 2, 2, '1', 90, '123456', '', 10, 120, 10, 1, '2018-08-27 13:33:40'),
(8, 2, 2, '1', 90, '123456', '', 10, 120, 10, 1, '2018-08-27 13:34:19'),
(9, 2, 2, '1', 90, '123456', '', 10, 120, 10, 1, '2018-08-27 13:34:28'),
(10, 2, 2, '123456', 500, 'prueba', '', 12, 0, 0, 1, '2018-08-27 13:39:41'),
(11, 2, 2, '0', 500, 'prueba', '', 15, 0, 0, 1, '2018-08-27 13:40:34'),
(12, 2, 2, '123456', 200, 'jojo', '', 11, 0, 0, 1, '2018-08-27 13:41:52'),
(13, 2, 2, '123445', 500, 'test', '', 10, 1, 0, 1, '2018-08-27 13:57:29'),
(14, 2, 2, '3007383', 800, 'test', '', 11, 0, 0, 1, '2018-08-27 13:58:06'),
(15, 2, 2, '111112222', 600, 'prueb', '', 18, 1, 0, 1, '2018-08-27 16:21:19'),
(16, 2, 2, '0', 700, 'prueb2', '', 18, 0, 0, 1, '2018-08-27 16:21:41'),
(17, 2, 2, '7484', 689, 'prueeeee', '', 18, 1, 0, 1, '2018-08-27 16:22:41'),
(18, 2, 2, '1234', 500, 'tttt', '', 12, 0, 0, 1, '2018-08-27 16:31:48'),
(19, 2, 2, '0', 132, '158432', '', 13, 1, 0, 1, '2018-08-29 11:37:17'),
(20, 2, 2, '0', 132, '158432', '', 7, 0, 0, 1, '2018-08-29 11:37:30'),
(21, 2, 2, '0', 132, '158432', '', 7, 0, 0, 1, '2018-08-29 11:37:40'),
(22, 2, 2, '0', 132, '158432', '', 0, 0, 0, 1, '2018-08-29 11:44:11'),
(23, 2, 2, '0', 132, '158432', '', 17, 0, 0, 1, '2018-08-29 11:44:45'),
(24, 2, 2, '0', 132, '158432', '', 16, 1, 0, 1, '2018-08-29 11:46:28'),
(25, 2, 2, '0', 132, '158432', '', 16, 0, 0, 1, '2018-08-29 11:46:47'),
(26, 2, 2, '0', 132, '158432', '', 12, 0, 0, 1, '2018-08-29 11:47:00'),
(27, 2, 2, '0', 132, '158432', '2', 16, 2, 0, 1, '2018-08-29 11:49:14'),
(31, 2, 2, '0', 800, '158432', '74458001000', 13, 0, 0, 1, '2018-08-29 12:09:08'),
(32, 2, 2, '0', 500, '74888400000000', 'pruebsss', 0, 1, 0, 1, '2018-08-29 13:11:13'),
(33, 2, 2, '0', 900, 'pruebaaamil', 'ghjk', 12, 0, 0, 1, '2018-08-29 13:17:01'),
(34, 2, 2, '0', 278, 'ggjk', 'vvb', 11, 1, 0, 1, '2018-08-29 14:01:22'),
(35, 2, 2, '0', 278, '11111', '222222', 12, 0, 0, 1, '2018-08-29 14:02:29'),
(36, 2, 2, 'muestras', 278, '55555', '33333', 3, 0, 0, 1, '2018-08-29 14:06:07'),
(37, 2, 2, 'muestras', 278, '55555', '33333', 3, 0, 0, 1, '2018-08-29 14:06:13'),
(38, 2, 2, '', 278, '55555', '33333', 11, 0, 0, 1, '2018-08-29 14:12:35'),
(39, 2, 3, '', 55, 'fgddf', 'errer', 2, 1, 0, 1, '2018-08-29 14:29:04'),
(40, 2, 2, 'mdmdmd', 600, 'ldldkxmd', 'kdkdf', 12, 0, 0, 1, '2018-08-30 11:30:47'),
(41, 2, 2, 'kff', 2806, 'kfkflf', 'mcmmf', 11, 0, 0, 1, '2018-08-30 11:43:04'),
(42, 2, 2, 'mfkflf', 600, 'kfkkf', 'kgkmg', 16, 0, 0, 1, '2018-08-30 11:52:42'),
(43, 2, 2, 'hhj', 679, 'ghj', 'hjk', 13, 0, 0, 1, '2018-08-30 12:05:43'),
(44, 2, 2, 'hjl', 200, 'hhk', 'bbn', 0, 0, 0, 1, '2018-08-30 12:21:47'),
(45, 2, 2, '', 600, 'kkk', 'kfklf', 13, 0, 0, 1, '2018-08-30 12:47:08'),
(46, 2, 2, '', 69, 'fb', 'ghn', 0, 0, 0, 1, '2018-08-30 12:56:45'),
(47, 2, 2, '', 200, 'hhnl', 'bnmm', 13, 0, 0, 1, '2018-08-30 13:14:58'),
(48, 2, 2, '', 400, 'gvxf', 'bnm', 19, 0, 0, 1, '2018-08-30 13:43:31'),
(49, 2, 2, '', 200, 'hhk', 'hnm', 6, 0, 0, 1, '2018-08-30 13:48:36'),
(50, 2, 2, '', 300, 'bbnk', 'gbjk', 13, 0, 0, 1, '2018-08-30 13:52:39'),
(51, 2, 2, '', 300, '457890', '567', 14, 0, 0, 1, '2018-08-30 13:58:16'),
(52, 2, 2, '', 200, 'fghjkl', 'ghhj', 11, 0, 0, 1, '2018-08-30 14:05:13'),
(53, 2, 2, '4567', 100, 'fghjkl', 'ghhj', 0, 0, 0, 1, '2018-08-30 14:05:48'),
(54, 2, 2, '', 300, 'ghm', 'fvgn', 0, 0, 0, 1, '2018-08-30 14:07:46'),
(55, 2, 2, '', 300, 'ghm', 'fvgn', 0, 0, 0, 1, '2018-08-30 14:07:49'),
(56, 2, 3, '', 6003, 'dfghjk', 'fghj', 0, 1, 0, 1, '2018-08-30 14:26:11'),
(57, 2, 2, '', 200, 'pbcz', 'hjk', 0, 0, 0, 1, '2018-08-30 14:31:16'),
(58, 2, 2, 'hhm', 580, 'ghn', 'cgh', 9, 0, 0, 1, '2018-09-18 11:32:16'),
(59, 2, 2, '', 500, 'td', 'td', 18, 0, 0, 1, '2018-10-19 16:47:53'),
(60, 2, 5, '', 468, 'td', 'cldkf', 17, 1, 1, 1, '2018-10-19 16:50:02'),
(61, 2, 5, '', 235, 'td', 'cldkf', 16, 0, 0, 1, '2018-10-19 16:50:30'),
(62, 2, 2, '', 138, 'ggjk', 'ghk', 20, 0, 0, 1, '2018-10-19 16:53:07'),
(63, 2, 2, '', 278, 'ghj', 'hola', 20, 0, 0, 1, '2018-10-19 17:06:59'),
(64, 2, 4, '', 67, 'ghj', 'buuu', 4, 1, 1, 1, '2018-10-19 17:08:27'),
(65, 2, 5, '', 589, 'jjk', 'bnkj', 18, 0, 0, 1, '2018-10-19 17:09:00'),
(66, 2, 2, '', 900, 'hola', 'testtoday', 14, 0, 0, 1, '2018-10-19 19:07:53'),
(67, 2, 2, '', 400, 'fghk', 'pruebaa', 16, 0, 0, 1, '2018-10-19 19:09:31'),
(68, 2, 2, 'lerco', 180, 'fghk', 'yesss', 11, 1, 1, 1, '2018-10-19 19:11:27'),
(69, 3, 2, '', 2000, 'kfkfkkf', 'gg?', 219, 2, 1, 1, '2018-10-19 19:43:03'),
(70, 3, 2, '', 2000, 'kfkfkkf', 'gg?', 219, 2, 0, 1, '2018-10-19 19:49:51'),
(71, 3, 5, '', 1, 'lflfkflf', 'ldldlflflfl', 1, 0, 0, 1, '2018-10-19 20:13:43'),
(72, 3, 5, '7', 58, 'lflfkflf', 'ldldlflflfl', 52, 2, 0, 1, '2018-10-19 20:17:33'),
(73, 3, 2, '', 6666, 'kkklkk', 'kkkk', 0, 0, 0, 1, '2018-10-19 20:20:33'),
(74, 3, 4, '', 6666, 'kkklkk', 'kkkk', 6, 2, 3, 1, '2018-10-19 21:04:56'),
(75, 2, 2, 'mdm', 58, 'mdm', 'ddkd', 0, 0, 0, 1, '2018-10-22 22:46:37'),
(76, 2, 2, '', 500, 'kdjdjdjjdd', 'kdkdkdddd', 0, 7, 0, 1, '2018-10-22 23:01:22'),
(77, 2, 2, '', 500, 'kdjdjdjjdd', 'kdkdkdddd', 0, 5, 0, 1, '2018-10-22 23:07:15'),
(78, 2, 2, 'ff', 58, 'ff', 'muestras3', 9, 0, 0, 1, '2018-10-22 23:12:18'),
(79, 2, 2, 'df', 58, 'ff', 'muestras4', 15, 0, 0, 1, '2018-10-22 23:15:18'),
(80, 2, 2, 'mdm', 58, 'ff', 'muestras5', 42, 0, 0, 1, '2018-10-22 23:15:44'),
(81, 2, 2, '', 58, 'ff', 'muestras6', 26, 0, 0, 1, '2018-10-22 23:16:07'),
(82, 2, 2, 'jgj', 828, 'khj', 'mjestras7', 33, 0, 0, 1, '2018-10-22 23:17:09'),
(83, 2, 2, 'kb', 828, 'khj', 'mjestras8', 125, 0, 0, 1, '2018-10-22 23:17:38'),
(84, 2, 2, '', 828, 'khj', 'muestras9', 0, 0, 0, 1, '2018-10-22 23:17:56'),
(85, 2, 2, 'kdmz', 358, 'msms', 'ms', 0, 0, 0, 1, '2018-10-23 15:39:26'),
(86, 2, 3, 'md', 6452, 'km', 'lm', 158, 6, 0, 1, '2018-10-23 16:17:12'),
(87, 2, 6, 'l', 36, 'kdmd', 'md', 10, 1, 0, 1, '2018-10-23 16:21:29'),
(88, 11, 6, 'caja 1', 2840, 'serial 1', 'lote 1', 6, 0, 0, 1, '2018-10-23 16:49:32'),
(89, 11, 7, 'caja 4', 258, 'serial á', 'lote á', 74, 2, 0, 1, '2018-10-23 17:04:42'),
(90, 2, 6, '', 258, 'serial 1', 'lote 1', 10, 0, 0, 1, '2018-10-23 17:12:26'),
(91, 2, 2, 'xmdm', 258, 'kdmd', 'md', 61, 0, 0, 1, '2018-10-23 17:14:47'),
(92, 2, 2, '', 258, 'kdmd', 'md', 92, 11, 0, 1, '2018-10-23 17:35:43'),
(93, 2, 2, 'Caja 1', 500, 'Serial 1', 'Lote 1', 84, 2, 1, 1, '2018-10-24 00:53:24'),
(94, 2, 2, '', 500, 'serial 1', 'lote1', 233, 2, 1, 1, '2018-10-25 17:25:25'),
(95, 2, 2, 'caja 2', 500, 'serial 2', 'lote 2', 0, 1, 0, 1, '2018-10-25 18:08:14'),
(96, 2, 2, 'caja 1', 976, 'mcmf', 'mglf', 15, 1, 0, 1, '2018-10-25 22:34:41'),
(97, 2, 2, 'caja 2', 600, 'seriL1', 'lote 1', 10, 2, 0, 1, '2018-10-26 15:36:30'),
(98, 2, 2, '', 600, 'seriL1', 'lote', 593, 1, 0, 1, '2018-10-26 15:40:06'),
(99, 2, 2, 'ndnd', 600, 'seriL1', 'lote', 0, 7, 0, 1, '2018-10-26 16:00:06'),
(100, 2, 3, '', 258, 'serial 2', 'lote 1', 0, 4, 0, 1, '2018-10-26 16:07:37'),
(101, 2, 2, 'caja #1', 520, 'serial 1', 'lote 1', 0, 1, 0, 1, '2018-10-26 16:09:43'),
(102, 2, 2, '', 520, 'serial', 'lote', 0, 0, 0, 1, '2018-10-26 16:09:50'),
(103, 2, 3, '', 500, 'mhhkjhkuujj', 'hfhhkhhgh', 10, 1, 0, 1, '2018-10-26 16:53:26'),
(104, 2, 2, '', 500, 'mhhkjhkuujj', 'hfhhkhhgh', 80, 0, 0, 1, '2018-10-26 16:54:21'),
(105, 2, 2, '', 500, 'mhhkjhkuujj', 'hfhhkhhgh', 9, 23, 0, 1, '2018-10-26 17:17:26'),
(106, 2, 2, 'batch 43', 500, 'serial 1', 'lote 1', 20, 0, 0, 1, '2018-10-26 17:19:10'),
(107, 11, 6, 'kzn', 358, 'nzb', 'lotesert', 10, 0, 0, 1, '2018-10-26 17:21:34'),
(108, 2, 2, 'caja 1', 350, 'serial 1', 'lote 1', 101, 0, 0, 1, '2018-10-29 17:20:16'),
(109, 2, 2, 'caja 2', 350, 'serial', 'lote', 92, 1, 0, 1, '2018-10-29 17:28:56'),
(110, 11, 6, 'caja 1', 250, 'serial 1', 'lote1', 9, 1, 0, 1, '2018-10-29 17:31:22'),
(111, 2, 3, 'caja 1', 500, 'serial 1', 'lote1', 26, 0, 0, 1, '2018-10-29 18:46:43'),
(112, 2, 2, 'caja3', 500, 'serial1', 'lote1', 18, 0, 0, 1, '2018-10-29 18:52:06'),
(113, 11, 6, 'caja 4', 600, 'serial1', 'lote1', 63, 0, 0, 1, '2018-10-29 18:58:26'),
(114, 2, 2, 'caja 5', 500, 'serial 1', 'lote1', 21, 0, 0, 1, '2018-10-29 19:01:41'),
(115, 2, 2, 'cja te', 258, 'mdn', 'lote', 7, 0, 0, 1, '2018-10-29 19:34:39'),
(116, 2, 2, 'caja 40', 250, 'serial1', 'lote1', 2, 0, 0, 1, '2018-10-29 19:54:53'),
(117, 2, 2, '', 500, 'kdn', 'kd', 10, 0, 0, 1, '2018-10-29 20:09:25'),
(118, 15, 10, 'caja 1', 250, 'serial 1', 'lote1', 74, 0, 0, 1, '2018-10-29 23:08:11'),
(119, 15, 10, '', 360, 'msm', 'lds', 7, 0, 0, 1, '2018-10-29 23:12:40'),
(120, 15, 11, '', 360, 'msm', 'lds', 2, 0, 0, 1, '2018-10-29 23:22:23'),
(121, 2, 2, '', 200, '1', '1', 14, 0, 0, 1, '2018-10-29 23:36:48'),
(122, 2, 2, '', 200, '2', '2', 0, 0, 0, 1, '2018-10-29 23:43:11'),
(123, 2, 2, '', 300, '3', '3', 0, 0, 0, 1, '2018-10-29 23:44:52'),
(124, 2, 2, '', 400, '4', '44', 0, 0, 0, 1, '2018-10-29 23:47:34'),
(125, 2, 2, '', 300, '5', '5', 0, 0, 0, 1, '2018-10-29 23:48:53'),
(126, 2, 2, '', 250, 'serialx', 'lotex', 0, 0, 0, 1, '2018-10-30 15:21:55'),
(127, 2, 2, 'er', 250, 'serialx', 'lotex', 9, 0, 0, 1, '2018-10-30 15:22:39'),
(128, 2, 2, '', 250, 'serialxxx', 'lotex', 0, 0, 0, 1, '2018-10-30 15:24:38'),
(129, 2, 2, '', 250, 'serialxxx', 'lotex', 0, 0, 0, 1, '2018-10-30 15:31:03'),
(130, 15, 11, '', 500, 'serial 1', 'lote 1', 499, 3, 0, 1, '2018-10-30 15:42:19'),
(131, 11, 8, '1', 250, 'x', 'x', 7, 0, 0, 1, '2018-10-30 15:55:37'),
(132, 15, 10, '', 500, 'serial 1', 'lote 1', 8, 0, 0, 1, '2018-10-30 16:26:51'),
(133, 15, 11, 'prueba', 500, 'serial', 'lote', 9, 0, 0, 1, '2018-10-30 16:32:09'),
(134, 15, 10, 'mustra', 500, '765456', '87€456', 30, 2, 0, 1, '2018-10-30 10:46:15'),
(135, 15, 10, 'muestras', 500, '765456', '87€456', 19, 0, 0, 1, '2018-10-30 10:48:28'),
(136, 15, 10, 'muestras', 500, '765456', '87€456', 11, 0, 0, 1, '2018-10-30 10:50:06'),
(137, 15, 10, '', 500, '12e', '12', 10, 0, 0, 1, '2018-10-30 11:09:53'),
(138, 15, 10, '', 500, '12e', '12qw', 1, 0, 0, 1, '2018-10-30 11:10:55'),
(139, 15, 10, '', 210, '410', '310', 11, 0, 0, 1, '2018-10-30 11:13:01'),
(140, 15, 11, 'prueba', 1000, '3468', '3478', 19, 0, 0, 1, '2018-10-30 11:24:52'),
(141, 15, 11, 'pruebas x', 1000, '3468', '3478', 5, 0, 0, 1, '2018-10-30 11:32:10'),
(142, 15, 10, '', 250, 'serial 31', 'lote 32', 10, 0, 0, 1, '2018-10-30 11:42:29'),
(143, 15, 10, '', 3000, 'serial 23', 'batch 23', 1000, 0, 0, 1, '2018-10-30 11:51:26'),
(144, 15, 10, 'mdm', 36, 'kdmd', 'kdm', 0, 0, 0, 1, '2018-10-30 12:08:36'),
(145, 15, 11, '', 369, '369', '369', 11, 0, 0, 1, '2018-10-30 12:11:14'),
(146, 2, 2, '', 350, 'fkdk', 'kdm', 11, 0, 0, 1, '2018-10-30 12:31:38'),
(147, 11, 8, 'mdm', 58, 'mdm', 'mdm', 50, 0, 0, 1, '2018-10-30 12:53:59'),
(148, 11, 8, 'mdm', 52, 'mdm', 'mdm', 10, 0, 0, 1, '2018-10-30 12:57:01'),
(149, 2, 2, 'prueba', 5500, 'serial 12', 'batch12', 26, 1, 0, 1, '2018-10-30 14:28:06'),
(150, 15, 10, '', 350, '123456789', '679976', 19, 11, 0, 1, '2018-10-30 16:22:02'),
(151, 15, 10, '', 369, '123456', '12345', 49, 0, 0, 1, '2018-10-30 16:41:28'),
(152, 15, 10, '', 369, '123456', '12345', 0, 0, 0, 1, '2018-10-30 16:56:41'),
(153, 19, 12, 'BoschP. Pruebas', 1500, '2001', '9182', 88, 1, 0, 1, '2018-10-30 17:50:50'),
(154, 20, 13, '', 5000, '1002', '3456', 1089, 12, 0, 1, '2018-10-31 10:45:09'),
(155, 20, 13, '', 5000, '1003', '3457', 36, 0, 0, 1, '2018-10-31 10:57:03'),
(156, 20, 13, '', 5000, '1004', '3458', 953, 1, 0, 1, '2018-10-31 11:08:42'),
(157, 20, 13, '', 5000, '1004', '3458', 37, 3, 0, 1, '2018-10-31 11:24:39'),
(158, 19, 12, '', 1500, '2002', '9182', 79, 1, 0, 1, '2018-10-31 11:36:25'),
(159, 19, 13, 'pruebas', 52, 'gfhfhjg', '566765437', 52, 3, 0, 1, '2018-10-31 12:05:14'),
(160, 19, 13, 'ki', 50, 'ki', 'ki', 50, 75, 0, 1, '2018-10-31 13:39:26'),
(161, 19, 12, 'okk', 25, 'okk', 'ikj', 0, 0, 0, 1, '2018-10-31 13:44:35'),
(162, 2, 2, '', 36, ' cnc', 'nxd', 12, 0, 0, 1, '2018-10-31 13:46:57'),
(163, 23, 14, 'prueba', 500, 'ndns', 'bndns', 9, 1, 0, 1, '2018-10-31 16:28:37'),
(164, 25, 15, 'pruebas', 500, 'serial 1', 'lote 1', 121, 0, 0, 1, '2018-10-31 16:57:40'),
(165, 2, 2, '', 500, 'mdmd', 'P39\n', 17, 0, 0, 1, '2018-11-01 02:21:02'),
(166, 2, 2, '', 500, 'BLECK\n', 'P39\n', 15, 0, 0, 1, '2018-11-01 03:38:41'),
(167, 2, 2, '', 500, 'BLECK\n', 'P39\n', 11, 0, 0, 1, '2018-11-01 10:16:31'),
(168, 20, 12, '', 858, 'jdn', 'jnf', 0, 0, 0, 1, '2018-11-01 10:25:41'),
(169, 20, 12, '', 8899, 'nfn', 'mmnn', 0, 0, 0, 1, '2018-11-01 10:29:19'),
(170, 2, 2, 'ndnd', 500, 'jdbd', 'AZOR\n', 342, 2, 0, 1, '2018-11-01 12:04:09'),
(171, 2, 2, '', 85, 'nfnf', 'nhm', 13, 2, 0, 1, '2018-11-01 12:04:36'),
(172, 2, 2, 'lllk', 500, 'Magisra\n', 'AZOR\n', 211, 2, 0, 1, '2018-11-01 12:10:47'),
(173, 2, 2, '', 500, 'DeLL\n', 'Generar Reporte\n', 10, 0, 0, 1, '2018-11-01 13:15:21'),
(174, 2, 2, '', 588, '\n000100\n', '74458001000\n', 20, 0, 0, 1, '2018-11-01 13:26:53'),
(175, 2, 2, '', 588, '\n000100\n', '74458001000\n', 30, 0, 0, 1, '2018-11-01 13:29:02'),
(176, 19, 12, 'caja 1', 350, 'Piezas OK\n', 'Pzas OK\n', 19, 1, 1, 1, '2018-11-01 15:23:45'),
(177, 19, 12, 'msm', 58, 'nns', 'nn', 28, 15, 0, 1, '2018-11-01 15:56:42'),
(178, 19, 12, '', 58, 'LE\n', '+G\nReponte\n', 0, 4, 0, 1, '2018-11-01 16:07:39'),
(179, 2, 4, '', 58, 'hvv', 'bb', 12, 22, 0, 1, '2018-11-01 16:42:20'),
(180, 25, 15, 'prueba scanner', 5008, 'Tablet 7\"\n', 'BLECK.\n', 238, 1, 8, 1, '2018-11-02 10:33:32'),
(181, 25, 17, 'prueba 2', 500, 'lanta 1\n', 'MiL MAnoS\n', 26, 0, 0, 1, '2018-11-02 10:45:19'),
(182, 11, 8, 'prueba 3', 500, '24467', '56778', 26, 14, 0, 1, '2018-11-02 11:07:02'),
(183, 11, 16, '', 58, 'uu', 'lll', 44, 0, 0, 1, '2018-11-02 11:10:56'),
(184, 11, 16, '', 58, 'Operadores\n', 'Inicio\n.1\n', 33, 2, 0, 1, '2018-11-02 11:16:58'),
(185, 2, 5, '', 528, '39484', 'DLL\n', 90, 0, 0, 1, '2018-11-02 11:34:33'),
(186, 2, 5, 'caja 100', 528, '39484', 'DLL\n', 106, 0, 0, 1, '2018-11-02 11:39:54'),
(187, 2, 5, 'prueba 1', 625, 'Redactar\n', 'APP Mil Manos\n', 30, 1, 0, 1, '2018-11-02 11:55:38'),
(188, 20, 13, '', 58, '5758', '938', 16, 18, 0, 1, '2018-11-02 12:31:21'),
(189, 20, 13, '', 528, 'jdjd', 'kdn', 60, 1, 0, 1, '2018-11-02 12:48:51'),
(190, 20, 13, 'pruebas ', 600, '567', '234', 40, 2, 0, 1, '2018-11-02 12:51:17'),
(191, 20, 13, '', 600, '567', '234', 14, 1, 0, 1, '2018-11-02 12:56:42'),
(192, 2, 3, '', 500, 'ksks', '2.\n', 85, 0, 0, 1, '2018-11-02 13:31:54'),
(193, 2, 5, '', 500, 'Juan Galicia Perez\n', '31-10-2018 04:51:49\n', 34, 0, 0, 1, '2018-11-02 14:51:34'),
(194, 2, 5, '', 500, 'Producción\n', 'Reportes\nProducción\n', 121, 0, 0, 1, '2018-11-02 14:54:35'),
(195, 2, 5, '', 500, 'Producción\n', 'Reportes\nProducción\n', 28, 0, 0, 1, '2018-11-02 14:54:53'),
(196, 2, 5, '', 500, '', '', 0, 0, 0, 1, '2018-11-02 14:55:10'),
(197, 2, 5, 'p', 500, 'Producción\n', 'Producción\n', 31, 0, 0, 1, '2018-11-02 14:56:02'),
(198, 2, 2, '', 550, '2018-\n11-02\n14.56:02\n', '2018-\n10-29\n', 0, 0, 0, 1, '2018-11-02 15:12:36'),
(199, 2, 4, 'mdn', 250, 'kskdm', '2018-\n08-27\n13:24:56\n', 38, 0, 0, 1, '2018-11-02 15:15:55'),
(200, 2, 4, '', 250, 'kskdm', '2018-\n08-27\n13:24:56\n', 185, 1, 0, 1, '2018-11-02 15:17:21'),
(201, 2, 5, 'prueba lll', 258, 'Configurac.\n', 'Planta 1\n', 26, 0, 0, 1, '2018-11-02 15:19:12'),
(202, 2, 5, '', 258, 'Configurac.\n', 'Planta', 100, 3, 0, 1, '2018-11-02 15:22:54'),
(203, 2, 5, 'caja 1', 258, 'Configurac.\n', 'Planta', 173, 5, 0, 1, '2018-11-02 15:29:14'),
(204, 2, 4, 'ndn', 580, 'modkd', 'Detalles de Piezas NOK\nlado\n-\n', 37, 0, 0, 1, '2018-11-02 15:32:11'),
(205, 2, 2, 'caja1', 600, 'kdmdm', 'BONAFON\n', 100, 1, 0, 1, '2018-11-05 10:19:11'),
(206, 2, 2, 'caja2', 600, 'kdmdm', 'jdjdjx', 160, 1, 0, 1, '2018-11-05 10:21:11'),
(207, 19, 12, 'idldkd', 690, '3938', '258', 218, 1, 0, 1, '2018-11-05 10:27:46'),
(208, 19, 13, '', 3000, '1', 'l', 24, 0, 0, 1, '2018-11-05 10:33:40'),
(209, 19, 13, '', 3000, '2', 'll', 79, 7, 0, 1, '2018-11-05 10:41:21'),
(210, 20, 12, '', 250, 'hv', 'bh', 7, 0, 0, 1, '2018-11-05 10:55:11'),
(211, 20, 12, '', 250, 'hv', 'bh', 30, 7, 0, 1, '2018-11-05 11:04:18'),
(212, 19, 13, '', 580, '9484', '2948', 107, 6, 3, 1, '2018-11-05 11:25:20'),
(213, 20, 12, '', 88, 'jsn', 'nxn', 5, 53, 0, 1, '2018-11-05 12:21:15'),
(214, 20, 12, '', 5800, 'kdm', 'jdn', 20, 13, 0, 1, '2018-11-05 12:39:11'),
(215, 19, 12, '', 7000, 'ndnd', 'ndjdh', 50, 0, 0, 1, '2018-11-05 12:41:10'),
(216, 19, 12, '', 7000, 'ndnd', 'ndjdh', 53, 0, 0, 1, '2018-11-05 12:42:57'),
(217, 19, 12, '', 500, 'serial1', 'lote1', 80, 0, 0, 1, '2018-11-05 12:44:42'),
(218, 19, 12, '', 500, 'serial1', 'lote1', 122, 13, 0, 1, '2018-11-05 13:06:48'),
(219, 19, 12, '', 805, 'ndndn', 'nfnf', 43, 12, 0, 1, '2018-11-05 13:20:47'),
(220, 19, 13, 'caja 1', 5800, 'APP\n', '12,500\n', 166, 29, 0, 1, '2018-11-05 16:49:39'),
(221, 20, 18, '', 500, 'kxkdk', 'kdksns', 173, 0, 0, 1, '2018-11-05 16:57:41'),
(222, 20, 18, '', 500, 'kxkdk', 'kdksns', 320, 0, 0, 1, '2018-11-05 16:59:30'),
(223, 20, 18, '', 500, 'kxkdk', 'kdksns', 0, 9, 0, 1, '2018-11-05 17:09:17'),
(224, 20, 18, '', 500, 'kxkdk', 'kdksns', 85, 6, 0, 1, '2018-11-05 17:15:52'),
(225, 19, 12, 'ndm', 258, 'kdmd', 'kdk', 35, 1, 0, 1, '2018-11-05 17:29:06'),
(226, 19, 18, 'caja 84', 3000, 'ADMK', 'SDK', 19, 1, 0, 1, '2018-11-05 17:37:59'),
(227, 19, 18, '', 3000, 'ADMK', 'SDK', 21, 14, 0, 1, '2018-11-05 17:51:44'),
(228, 19, 12, '32', 658, '828492', '12kdmd', 86, 1, 0, 1, '2018-11-05 17:54:56'),
(229, 19, 12, '', 658, '828492', '12kdmd', 23, 0, 0, 1, '2018-11-05 17:56:14'),
(230, 19, 12, 'kdms', 658, '828492', '12kdmd', 16, 0, 0, 1, '2018-11-05 17:56:38'),
(231, 19, 12, 'caja 1', 500, 'PROFESIONAL\n', 'SOLUCION\n', 7, 18, 0, 1, '2018-11-06 10:38:21'),
(232, 2, 2, '', 350, 'test11', 'testt', 13, 0, 0, 1, '2018-11-06 12:38:30'),
(233, 2, 2, '', 350, 'test11', 'testt', 13, 0, 0, 1, '2018-11-06 12:38:31'),
(234, 2, 2, '', 350, 'test11', 'testt', 13, 0, 0, 1, '2018-11-06 12:38:31'),
(235, 2, 2, '', 350, 'test11', 'testt', 13, 0, 0, 1, '2018-11-06 12:38:32'),
(236, 2, 2, '', 350, 'test11', 'testt', 13, 0, 0, 1, '2018-11-06 12:38:33'),
(237, 2, 2, '', 350, 'test11', 'testt', 13, 0, 0, 1, '2018-11-06 12:38:33'),
(238, 2, 2, '', 350, 'test11', 'testt', 13, 0, 0, 1, '2018-11-06 12:38:33'),
(239, 2, 2, '', 350, 'test11', 'testt', 13, 0, 0, 1, '2018-11-06 12:38:34'),
(240, 2, 2, '', 350, 'test11', 'testt', 13, 0, 0, 1, '2018-11-06 12:38:36'),
(241, 2, 2, '', 350, 'test11', 'testt', 13, 0, 0, 1, '2018-11-06 12:38:37'),
(242, 2, 2, '', 350, 'test11', 'testt', 13, 0, 0, 1, '2018-11-06 12:38:39'),
(243, 2, 2, '', 350, 'test11', 'testt', 13, 0, 0, 1, '2018-11-06 12:38:41'),
(244, 2, 2, '', 350, 'test11', 'testt', 13, 0, 0, 1, '2018-11-06 12:38:42'),
(245, 2, 2, '', 350, 'test11', 'testt', 13, 0, 0, 1, '2018-11-06 12:38:43'),
(246, 2, 2, '', 350, 'test11', 'testt', 13, 0, 0, 1, '2018-11-06 12:38:45'),
(247, 2, 2, '', 350, 'test11', 'testt', 13, 0, 0, 1, '2018-11-06 12:38:46'),
(248, 2, 2, '', 350, 'test11', 'testt', 13, 0, 0, 1, '2018-11-06 12:38:48'),
(249, 2, 2, '', 350, 'test11', 'testt', 13, 0, 0, 1, '2018-11-06 12:38:49'),
(250, 2, 2, '', 350, 'test11', 'testt', 13, 0, 0, 1, '2018-11-06 12:38:50'),
(251, 2, 2, '', 350, 'test11', 'testt', 13, 0, 0, 1, '2018-11-06 12:38:51'),
(252, 2, 2, '', 350, 'test11', 'testt', 13, 0, 0, 1, '2018-11-06 12:38:53'),
(253, 2, 2, '', 350, 'test11', 'testt', 13, 0, 0, 1, '2018-11-06 12:38:54'),
(254, 2, 2, '', 350, 'test11', 'testt', 13, 0, 0, 1, '2018-11-06 12:38:54'),
(255, 2, 2, '', 350, 'test11', 'testt', 13, 0, 0, 1, '2018-11-06 12:38:55'),
(256, 2, 2, '', 350, 'test11', 'testt', 13, 0, 0, 1, '2018-11-06 12:38:55'),
(257, 2, 2, '', 350, 'test11', 'testt', 13, 0, 0, 1, '2018-11-06 12:38:57'),
(258, 2, 2, '', 350, 'test11', 'testt', 13, 0, 0, 1, '2018-11-06 12:38:58'),
(259, 2, 2, '', 350, 'test11', 'testt', 13, 0, 0, 1, '2018-11-06 12:38:58'),
(260, 2, 2, '', 350, 'test11', 'testt', 13, 0, 0, 1, '2018-11-06 12:39:00'),
(261, 2, 2, '', 350, 'test11', 'testt', 13, 0, 0, 1, '2018-11-06 12:39:02'),
(262, 2, 2, '', 350, 'test11', 'testt', 13, 0, 0, 1, '2018-11-06 12:39:03'),
(263, 2, 2, '', 350, 'test11', 'testt', 13, 0, 0, 1, '2018-11-06 12:39:04'),
(264, 2, 2, '', 350, 'test11', 'testt', 13, 0, 0, 1, '2018-11-06 12:39:05'),
(265, 2, 2, '', 350, 'test11', 'testt', 13, 0, 0, 1, '2018-11-06 12:39:06'),
(266, 2, 2, '', 350, 'test11', 'testt', 13, 0, 0, 1, '2018-11-06 12:39:06'),
(267, 2, 2, '', 350, 'test11', 'testt', 13, 0, 0, 1, '2018-11-06 12:39:07'),
(268, 2, 2, '', 350, 'test11', 'testt', 13, 0, 0, 1, '2018-11-06 12:39:08'),
(269, 2, 2, '', 350, 'test11', 'testt', 13, 0, 0, 1, '2018-11-06 12:39:08'),
(270, 2, 2, '', 350, 'test11', 'testt', 13, 0, 0, 1, '2018-11-06 12:39:09'),
(271, 2, 2, '', 350, 'test11', 'testt', 13, 0, 0, 1, '2018-11-06 12:39:09'),
(272, 2, 2, '', 350, 'test11', 'testt', 13, 0, 0, 1, '2018-11-06 12:39:10'),
(273, 2, 2, '', 350, 'test11', 'testt', 13, 0, 0, 1, '2018-11-06 12:39:10'),
(274, 2, 2, '', 350, 'test11', 'testt', 13, 0, 0, 1, '2018-11-06 12:39:11'),
(275, 2, 2, '', 350, 'test11', 'testt', 13, 0, 0, 1, '2018-11-06 12:39:11'),
(276, 2, 2, '', 350, 'test11', 'testt', 13, 0, 0, 1, '2018-11-06 12:39:12'),
(277, 2, 2, '', 350, 'test11', 'testt', 13, 0, 0, 1, '2018-11-06 12:39:13'),
(278, 2, 2, '', 350, 'test11', 'testt', 13, 0, 0, 1, '2018-11-06 12:39:14'),
(279, 2, 2, '', 350, 'test11', 'testt', 13, 0, 0, 1, '2018-11-06 12:39:15'),
(280, 2, 2, '', 350, 'test11', 'testt', 13, 0, 0, 1, '2018-11-06 12:39:16'),
(281, 2, 2, '', 350, 'test11', 'testt', 13, 0, 0, 1, '2018-11-06 12:39:17'),
(282, 2, 2, '', 350, 'test11', 'testt', 13, 0, 0, 1, '2018-11-06 12:39:19'),
(283, 2, 2, '', 350, 'test11', 'testt', 13, 0, 0, 1, '2018-11-06 12:39:20'),
(284, 2, 2, '', 350, 'test11', 'testt', 13, 0, 0, 1, '2018-11-06 12:39:21'),
(285, 2, 2, '', 350, 'test11', 'testt', 13, 0, 0, 1, '2018-11-06 12:39:22'),
(286, 2, 2, '', 350, 'test11', 'testt', 13, 0, 0, 1, '2018-11-06 12:39:22'),
(287, 2, 2, '', 350, 'test11', 'testt', 13, 0, 0, 1, '2018-11-06 12:39:23'),
(288, 2, 2, '', 350, 'test11', 'testt', 13, 0, 0, 1, '2018-11-06 12:39:23'),
(289, 2, 2, '', 350, 'test11', 'testt', 13, 0, 0, 1, '2018-11-06 12:39:24'),
(290, 2, 2, '', 350, 'test11', 'testt', 13, 0, 0, 1, '2018-11-06 12:39:24'),
(291, 2, 2, '', 350, 'test11', 'testt', 13, 0, 0, 1, '2018-11-06 12:39:25'),
(292, 2, 2, '', 350, 'test11', 'testt', 13, 0, 0, 1, '2018-11-06 12:39:25'),
(293, 2, 2, '', 350, 'test11', 'testt', 13, 0, 0, 1, '2018-11-06 12:39:26'),
(294, 2, 2, '', 350, 'test11', 'testt', 13, 0, 0, 1, '2018-11-06 12:39:27'),
(295, 2, 2, '', 350, 'test11', 'testt', 13, 0, 0, 1, '2018-11-06 12:39:28'),
(296, 2, 2, '', 350, 'test11', 'testt', 13, 0, 0, 1, '2018-11-06 12:39:28'),
(297, 2, 2, '', 350, 'test11', 'testt', 13, 0, 0, 1, '2018-11-06 12:39:29'),
(298, 2, 2, '', 350, 'test11', 'testt', 13, 0, 0, 1, '2018-11-06 12:39:29'),
(299, 2, 2, '', 350, 'test11', 'testt', 13, 0, 0, 1, '2018-11-06 12:39:30'),
(300, 2, 2, '', 350, 'test11', 'testt', 13, 0, 0, 1, '2018-11-06 12:39:31'),
(301, 2, 2, '', 350, 'test11', 'testt', 13, 0, 0, 1, '2018-11-06 12:39:31'),
(302, 2, 2, '', 350, 'test11', 'testt', 13, 0, 0, 1, '2018-11-06 12:39:32'),
(303, 2, 2, '', 350, 'test11', 'testt', 13, 0, 0, 1, '2018-11-06 12:39:33'),
(304, 2, 2, '', 350, 'test11', 'testt', 13, 0, 0, 1, '2018-11-06 12:39:34'),
(305, 2, 2, '', 350, 'test11', 'testt', 13, 0, 0, 1, '2018-11-06 12:39:34'),
(306, 2, 2, '', 350, 'test11', 'testt', 13, 0, 0, 1, '2018-11-06 12:39:35'),
(307, 2, 2, '', 350, 'test11', 'testt', 13, 0, 0, 1, '2018-11-06 12:39:36'),
(308, 2, 2, '', 350, 'test11', 'testt', 13, 0, 0, 1, '2018-11-06 12:39:36'),
(309, 2, 2, '', 350, 'test11', 'testt', 13, 0, 0, 1, '2018-11-06 12:39:37'),
(310, 2, 2, '', 350, 'test11', 'testt', 13, 0, 0, 1, '2018-11-06 12:39:37'),
(311, 2, 2, '', 350, 'test11', 'testt', 13, 0, 0, 1, '2018-11-06 12:39:38'),
(312, 2, 2, '', 350, 'test11', 'testt', 13, 0, 0, 1, '2018-11-06 12:39:39'),
(313, 2, 2, '', 350, 'test11', 'testt', 13, 0, 0, 1, '2018-11-06 12:39:39'),
(314, 2, 2, '', 350, 'test11', 'testt', 13, 0, 0, 1, '2018-11-06 12:39:40'),
(315, 2, 2, '', 350, 'test11', 'testt', 13, 0, 0, 1, '2018-11-06 12:39:40'),
(316, 2, 2, '', 350, 'test11', 'testt', 13, 0, 0, 1, '2018-11-06 12:39:41'),
(317, 2, 2, '', 350, 'test11', 'testt', 13, 0, 0, 1, '2018-11-06 12:39:41'),
(318, 2, 2, '', 350, 'test11', 'testt', 13, 0, 0, 1, '2018-11-06 12:39:42'),
(319, 2, 2, '', 350, 'test11', 'testt', 13, 0, 0, 1, '2018-11-06 12:39:42'),
(320, 2, 2, '', 350, 'test11', 'testt', 13, 0, 0, 1, '2018-11-06 12:39:42'),
(321, 2, 2, '', 350, 'test11', 'testt', 13, 0, 0, 1, '2018-11-06 12:39:43'),
(322, 2, 2, '', 350, 'test11', 'testt', 13, 0, 0, 1, '2018-11-06 12:39:43'),
(323, 2, 2, '', 350, 'test11', 'testt', 13, 0, 0, 1, '2018-11-06 12:39:44'),
(324, 2, 2, '', 350, 'test11', 'testt', 13, 0, 0, 1, '2018-11-06 12:39:45'),
(325, 2, 2, '', 350, 'test11', 'testt', 13, 0, 0, 1, '2018-11-06 12:39:45'),
(326, 2, 2, '', 350, 'test11', 'testt', 13, 0, 0, 1, '2018-11-06 12:39:46'),
(327, 2, 2, '', 350, 'test11', 'testt', 13, 0, 0, 1, '2018-11-06 12:39:46'),
(328, 2, 2, '', 350, 'test11', 'testt', 13, 0, 0, 1, '2018-11-06 12:39:47'),
(329, 2, 2, '', 350, 'test11', 'testt', 13, 0, 0, 1, '2018-11-06 12:39:47'),
(330, 2, 2, '', 350, 'test11', 'testt', 13, 0, 0, 1, '2018-11-06 12:39:48'),
(331, 2, 2, '', 350, 'test11', 'testt', 13, 0, 0, 1, '2018-11-06 12:39:48'),
(332, 2, 2, '', 350, 'test11', 'testt', 13, 0, 0, 1, '2018-11-06 12:39:49'),
(333, 2, 2, '', 350, 'test11', 'testt', 13, 0, 0, 1, '2018-11-06 12:39:50'),
(334, 2, 2, '', 350, 'test11', 'testt', 13, 0, 0, 1, '2018-11-06 12:39:50'),
(335, 2, 2, '', 350, 'test11', 'testt', 13, 0, 0, 1, '2018-11-06 12:39:51'),
(336, 2, 2, '', 350, 'test11', 'testt', 13, 0, 0, 1, '2018-11-06 12:39:51'),
(337, 2, 2, '', 350, 'test11', 'testt', 13, 0, 0, 1, '2018-11-06 12:39:52'),
(338, 2, 2, '', 350, 'test11', 'testt', 13, 0, 0, 1, '2018-11-06 12:39:52'),
(339, 2, 2, '', 350, 'test11', 'testt', 13, 0, 0, 1, '2018-11-06 12:39:53'),
(340, 2, 2, '', 350, 'test11', 'testt', 13, 0, 0, 1, '2018-11-06 12:39:53'),
(341, 2, 2, '', 350, 'test11', 'testt', 13, 0, 0, 1, '2018-11-06 12:39:53'),
(342, 2, 2, '', 350, 'test11', 'testt', 13, 0, 0, 1, '2018-11-06 12:39:54'),
(343, 2, 2, '', 350, 'test11', 'testt', 13, 0, 0, 1, '2018-11-06 12:39:55'),
(344, 2, 2, '', 350, 'test11', 'testt', 13, 0, 0, 1, '2018-11-06 12:39:56'),
(345, 2, 2, '', 350, 'test11', 'testt', 13, 0, 0, 1, '2018-11-06 12:39:56'),
(346, 2, 2, '', 350, 'test11', 'testt', 13, 0, 0, 1, '2018-11-06 12:39:58'),
(347, 2, 2, '', 350, 'test11', 'testt', 13, 0, 0, 1, '2018-11-06 12:39:59'),
(348, 2, 2, '', 350, 'test11', 'testt', 13, 0, 0, 1, '2018-11-06 12:40:00'),
(349, 2, 2, '', 350, 'test11', 'testt', 13, 0, 0, 1, '2018-11-06 12:40:00'),
(350, 2, 2, '', 350, 'test11', 'testt', 13, 0, 0, 1, '2018-11-06 12:40:01'),
(351, 2, 2, '', 350, 'test11', 'testt', 13, 0, 0, 1, '2018-11-06 12:40:01'),
(352, 2, 2, '', 350, 'test11', 'testt', 13, 0, 0, 1, '2018-11-06 12:40:02'),
(353, 2, 2, '', 350, 'test11', 'testt', 13, 0, 0, 1, '2018-11-06 12:40:02'),
(354, 2, 2, '', 350, 'test11', 'testt', 13, 0, 0, 1, '2018-11-06 12:40:03'),
(355, 2, 2, '', 350, 'test11', 'testt', 13, 0, 0, 1, '2018-11-06 12:40:04'),
(356, 2, 2, '', 350, 'test11', 'testt', 13, 0, 0, 1, '2018-11-06 12:40:05'),
(357, 2, 2, '', 350, 'test11', 'testt', 13, 0, 0, 1, '2018-11-06 12:40:05'),
(358, 2, 2, '', 350, 'test11', 'testt', 13, 0, 0, 1, '2018-11-06 12:40:06'),
(359, 2, 2, '', 350, 'test11', 'testt', 13, 0, 0, 1, '2018-11-06 12:40:07'),
(360, 2, 2, '', 350, 'test11', 'testt', 13, 0, 0, 1, '2018-11-06 12:40:07'),
(361, 2, 2, '', 350, 'test11', 'testt', 13, 0, 0, 1, '2018-11-06 12:40:08'),
(362, 2, 2, '', 350, 'test11', 'testt', 13, 0, 0, 1, '2018-11-06 12:40:09'),
(363, 2, 2, '', 350, 'test11', 'testt', 13, 0, 0, 1, '2018-11-06 12:40:10'),
(364, 2, 2, '', 120, 'gggg', 'hhhh', 12, 0, 0, 1, '2018-11-06 12:41:21'),
(365, 2, 2, '', 120, 'gggg', 'hhhh', 12, 0, 0, 1, '2018-11-06 12:41:22'),
(366, 2, 2, '', 120, 'gggg', 'hhhh', 12, 0, 0, 1, '2018-11-06 12:41:22'),
(367, 2, 2, '', 120, 'gggg', 'hhhh', 12, 0, 0, 1, '2018-11-06 12:41:22'),
(368, 2, 2, '', 120, 'gggg', 'hhhh', 12, 0, 0, 1, '2018-11-06 12:41:23'),
(369, 2, 2, '', 120, 'gggg', 'hhhh', 12, 0, 0, 1, '2018-11-06 12:41:23'),
(370, 2, 2, '', 120, 'gggg', 'hhhh', 12, 0, 0, 1, '2018-11-06 12:41:24'),
(371, 2, 2, '', 120, 'gggg', 'hhhh', 12, 0, 0, 1, '2018-11-06 12:41:24'),
(372, 2, 2, '', 120, 'gggg', 'hhhh', 12, 0, 0, 1, '2018-11-06 12:41:25'),
(373, 2, 2, '', 120, 'gggg', 'hhhh', 12, 0, 0, 1, '2018-11-06 12:41:26'),
(374, 2, 2, '', 120, 'gggg', 'hhhh', 12, 0, 0, 1, '2018-11-06 12:41:26'),
(375, 2, 2, '', 120, 'gggg', 'hhhh', 12, 0, 0, 1, '2018-11-06 12:41:27'),
(376, 2, 2, '', 120, 'gggg', 'hhhh', 12, 0, 0, 1, '2018-11-06 12:41:28'),
(377, 2, 2, '', 120, 'gggg', 'hhhh', 12, 0, 0, 1, '2018-11-06 12:41:29'),
(378, 2, 2, '', 120, 'gggg', 'hhhh', 12, 0, 0, 1, '2018-11-06 12:41:29'),
(379, 2, 2, '', 120, 'gggg', 'hhhh', 12, 0, 0, 1, '2018-11-06 12:41:30'),
(380, 2, 2, '', 120, 'gggg', 'hhhh', 12, 0, 0, 1, '2018-11-06 12:41:31'),
(381, 2, 2, '', 120, 'gggg', 'hhhh', 12, 0, 0, 1, '2018-11-06 12:41:32'),
(382, 2, 2, '', 120, 'gggg', 'hhhh', 12, 0, 0, 1, '2018-11-06 12:41:33'),
(383, 2, 2, '', 120, 'gggg', 'hhhh', 12, 0, 0, 1, '2018-11-06 12:41:34'),
(384, 2, 2, '', 120, 'gggg', 'hhhh', 12, 0, 0, 1, '2018-11-06 12:41:34'),
(385, 2, 2, '', 120, 'gggg', 'hhhh', 12, 0, 0, 1, '2018-11-06 12:41:35'),
(386, 2, 2, '', 120, 'gggg', 'hhhh', 12, 0, 0, 1, '2018-11-06 12:41:36'),
(387, 2, 2, '', 120, 'gggg', 'hhhh', 12, 0, 0, 1, '2018-11-06 12:41:37'),
(388, 2, 2, '', 120, 'gggg', 'hhhh', 12, 0, 0, 1, '2018-11-06 12:41:39'),
(389, 2, 2, '', 120, 'gggg', 'hhhh', 12, 0, 0, 1, '2018-11-06 12:41:40'),
(390, 2, 2, '', 120, 'gggg', 'hhhh', 12, 0, 0, 1, '2018-11-06 12:41:41'),
(391, 2, 2, '', 120, 'gggg', 'hhhh', 12, 0, 0, 1, '2018-11-06 12:41:43'),
(392, 2, 2, '', 120, 'gggg', 'hhhh', 12, 0, 0, 1, '2018-11-06 12:41:44'),
(393, 2, 2, '', 120, 'gggg', 'hhhh', 12, 0, 0, 1, '2018-11-06 12:41:45'),
(394, 2, 2, '', 120, 'gggg', 'hhhh', 12, 0, 0, 1, '2018-11-06 12:41:46'),
(395, 2, 2, '', 120, 'gggg', 'hhhh', 12, 0, 0, 1, '2018-11-06 12:41:46'),
(396, 2, 2, '', 120, 'gggg', 'hhhh', 12, 0, 0, 1, '2018-11-06 12:41:47'),
(397, 2, 2, '', 120, 'gggg', 'hhhh', 12, 0, 0, 1, '2018-11-06 12:41:48'),
(398, 2, 2, '', 120, 'gggg', 'hhhh', 12, 0, 0, 1, '2018-11-06 12:41:48'),
(399, 2, 2, '', 120, 'gggg', 'hhhh', 12, 0, 0, 1, '2018-11-06 12:41:49'),
(400, 2, 2, '', 120, 'gggg', 'hhhh', 12, 0, 0, 1, '2018-11-06 12:41:50'),
(401, 2, 2, '', 120, 'gggg', 'hhhh', 12, 0, 0, 1, '2018-11-06 12:41:50'),
(402, 2, 2, '', 120, 'gggg', 'hhhh', 12, 0, 0, 1, '2018-11-06 12:41:51'),
(403, 2, 2, '', 120, 'gggg', 'hhhh', 12, 0, 0, 1, '2018-11-06 12:41:52'),
(404, 2, 2, '', 120, 'gggg', 'hhhh', 12, 0, 0, 1, '2018-11-06 12:41:52'),
(405, 2, 2, '', 120, 'gggg', 'hhhh', 12, 0, 0, 1, '2018-11-06 12:41:53'),
(406, 2, 2, '', 120, 'gggg', 'hhhh', 12, 0, 0, 1, '2018-11-06 12:41:54'),
(407, 2, 2, '', 120, 'gggg', 'hhhh', 12, 0, 0, 1, '2018-11-06 12:41:54'),
(408, 2, 2, '', 120, 'gggg', 'hhhh', 12, 0, 0, 1, '2018-11-06 12:41:55'),
(409, 2, 2, '', 120, 'gggg', 'hhhh', 12, 0, 0, 1, '2018-11-06 12:41:56'),
(410, 2, 2, '', 120, 'gggg', 'hhhh', 12, 0, 0, 1, '2018-11-06 12:41:57'),
(411, 2, 2, '', 120, 'gggg', 'hhhh', 12, 0, 0, 1, '2018-11-06 12:41:57'),
(412, 2, 2, '', 120, 'gggg', 'hhhh', 12, 0, 0, 1, '2018-11-06 12:41:58'),
(413, 2, 2, '', 120, 'gggg', 'hhhh', 12, 0, 0, 1, '2018-11-06 12:41:59'),
(414, 2, 2, '', 120, 'gggg', 'hhhh', 12, 0, 0, 1, '2018-11-06 12:42:01'),
(415, 2, 2, '', 120, 'gggg', 'hhhh', 12, 0, 0, 1, '2018-11-06 12:42:02'),
(416, 2, 2, '', 120, 'gggg', 'hhhh', 12, 0, 0, 1, '2018-11-06 12:42:03'),
(417, 2, 2, '', 120, 'gggg', 'hhhh', 12, 0, 0, 1, '2018-11-06 12:42:04'),
(418, 2, 2, '', 120, 'gggg', 'hhhh', 12, 0, 0, 1, '2018-11-06 12:42:05'),
(419, 2, 2, '', 120, 'gggg', 'hhhh', 12, 0, 0, 1, '2018-11-06 12:42:05'),
(420, 2, 2, '', 120, 'gggg', 'hhhh', 12, 0, 0, 1, '2018-11-06 12:42:06'),
(421, 2, 2, '', 120, 'gggg', 'hhhh', 12, 0, 0, 1, '2018-11-06 12:42:07'),
(422, 2, 2, '', 120, 'gggg', 'hhhh', 12, 0, 0, 1, '2018-11-06 12:42:08'),
(423, 2, 2, '', 120, 'gggg', 'hhhh', 12, 0, 0, 1, '2018-11-06 12:42:10'),
(424, 2, 2, '', 120, 'gggg', 'hhhh', 12, 0, 0, 1, '2018-11-06 12:42:10'),
(425, 2, 2, '', 120, 'gggg', 'hhhh', 12, 0, 0, 1, '2018-11-06 12:42:12'),
(426, 2, 2, '', 120, 'gggg', 'hhhh', 12, 0, 0, 1, '2018-11-06 12:42:12'),
(427, 2, 2, '', 120, 'gggg', 'hhhh', 12, 0, 0, 1, '2018-11-06 12:42:13'),
(428, 2, 2, '', 120, 'gggg', 'hhhh', 12, 0, 0, 1, '2018-11-06 12:42:13'),
(429, 2, 2, '', 120, 'gggg', 'hhhh', 12, 0, 0, 1, '2018-11-06 12:42:14'),
(430, 2, 2, '', 120, 'gggg', 'hhhh', 12, 0, 0, 1, '2018-11-06 12:42:15'),
(431, 2, 2, '', 120, 'gggg', 'hhhh', 12, 0, 0, 1, '2018-11-06 12:42:15'),
(432, 2, 2, '', 120, 'gggg', 'hhhh', 12, 0, 0, 1, '2018-11-06 12:42:16'),
(433, 2, 2, '', 120, 'gggg', 'hhhh', 12, 0, 0, 1, '2018-11-06 12:42:17'),
(434, 2, 2, '', 120, 'gggg', 'hhhh', 12, 0, 0, 1, '2018-11-06 12:42:18'),
(435, 2, 2, '', 120, 'gggg', 'hhhh', 12, 0, 0, 1, '2018-11-06 12:42:18'),
(436, 2, 2, '', 120, 'gggg', 'hhhh', 12, 0, 0, 1, '2018-11-06 12:42:19'),
(437, 2, 2, '', 120, 'gggg', 'hhhh', 12, 0, 0, 1, '2018-11-06 12:42:19'),
(438, 2, 2, '', 120, 'gggg', 'hhhh', 12, 0, 0, 1, '2018-11-06 12:42:20'),
(439, 2, 2, '', 120, 'gggg', 'hhhh', 12, 0, 0, 1, '2018-11-06 12:42:20'),
(440, 2, 2, '', 120, 'gggg', 'hhhh', 12, 0, 0, 1, '2018-11-06 12:42:21'),
(441, 2, 2, '', 120, 'gggg', 'hhhh', 12, 0, 0, 1, '2018-11-06 12:42:21'),
(442, 2, 2, '', 120, 'gggg', 'hhhh', 12, 0, 0, 1, '2018-11-06 12:42:22'),
(443, 2, 2, '', 120, 'gggg', 'hhhh', 12, 0, 0, 1, '2018-11-06 12:42:23'),
(444, 2, 2, '', 120, 'gggg', 'hhhh', 12, 0, 0, 1, '2018-11-06 12:42:23'),
(445, 2, 2, '', 120, 'gggg', 'hhhh', 12, 0, 0, 1, '2018-11-06 12:42:24'),
(446, 2, 2, '', 120, 'gggg', 'hhhh', 12, 0, 0, 1, '2018-11-06 12:42:25'),
(447, 2, 2, '', 120, 'gggg', 'hhhh', 12, 0, 0, 1, '2018-11-06 12:42:26'),
(448, 2, 2, '', 120, 'gggg', 'hhhh', 12, 0, 0, 1, '2018-11-06 12:42:26'),
(449, 2, 2, '', 120, 'gggg', 'hhhh', 12, 0, 0, 1, '2018-11-06 12:42:27'),
(450, 2, 2, '', 120, 'gggg', 'hhhh', 12, 0, 0, 1, '2018-11-06 12:42:27'),
(451, 2, 2, '', 120, 'gggg', 'hhhh', 12, 0, 0, 1, '2018-11-06 12:42:28'),
(452, 2, 2, '', 120, 'gggg', 'hhhh', 12, 0, 0, 1, '2018-11-06 12:42:28'),
(453, 2, 2, '', 120, 'gggg', 'hhhh', 12, 0, 0, 1, '2018-11-06 12:42:29'),
(454, 2, 2, '', 120, 'gggg', 'hhhh', 12, 0, 0, 1, '2018-11-06 12:42:29'),
(455, 2, 2, '', 120, 'gggg', 'hhhh', 12, 0, 0, 1, '2018-11-06 12:42:30'),
(456, 2, 2, '', 120, 'gggg', 'hhhh', 12, 0, 0, 1, '2018-11-06 12:42:31'),
(457, 2, 2, '', 120, 'gggg', 'hhhh', 12, 0, 0, 1, '2018-11-06 12:42:32'),
(458, 2, 2, '', 120, 'gggg', 'hhhh', 12, 0, 0, 1, '2018-11-06 12:42:32'),
(459, 2, 2, '', 120, 'gggg', 'hhhh', 12, 0, 0, 1, '2018-11-06 12:42:33'),
(460, 2, 2, '', 120, 'gggg', 'hhhh', 12, 0, 0, 1, '2018-11-06 12:42:33'),
(461, 2, 2, '', 120, 'gggg', 'hhhh', 12, 0, 0, 1, '2018-11-06 12:42:34'),
(462, 2, 2, '', 120, 'gggg', 'hhhh', 12, 0, 0, 1, '2018-11-06 12:42:34'),
(463, 2, 2, '', 120, 'gggg', 'hhhh', 12, 0, 0, 1, '2018-11-06 12:42:35'),
(464, 2, 2, '', 120, 'gggg', 'hhhh', 12, 0, 0, 1, '2018-11-06 12:42:36'),
(465, 2, 2, '', 120, 'gggg', 'hhhh', 12, 0, 0, 1, '2018-11-06 12:42:37'),
(466, 2, 2, '', 120, 'gggg', 'hhhh', 12, 0, 0, 1, '2018-11-06 12:42:37'),
(467, 2, 2, '', 120, 'gggg', 'hhhh', 12, 0, 0, 1, '2018-11-06 12:42:38'),
(468, 2, 2, '', 120, 'gggg', 'hhhh', 12, 0, 0, 1, '2018-11-06 12:42:39'),
(469, 2, 2, '', 120, 'gggg', 'hhhh', 12, 0, 0, 1, '2018-11-06 12:42:39'),
(470, 2, 2, '', 120, 'gggg', 'hhhh', 12, 0, 0, 1, '2018-11-06 12:42:40'),
(471, 2, 2, '', 120, 'gggg', 'hhhh', 12, 0, 0, 1, '2018-11-06 12:42:41'),
(472, 2, 2, '', 120, 'gggg', 'hhhh', 12, 0, 0, 1, '2018-11-06 12:42:42'),
(473, 2, 2, '', 120, 'gggg', 'hhhh', 12, 0, 0, 1, '2018-11-06 12:42:42'),
(474, 2, 2, '', 120, 'gggg', 'hhhh', 12, 0, 0, 1, '2018-11-06 12:42:43'),
(475, 2, 2, '', 120, 'gggg', 'hhhh', 12, 0, 0, 1, '2018-11-06 12:42:43'),
(476, 2, 2, '', 120, 'gggg', 'hhhh', 12, 0, 0, 1, '2018-11-06 12:42:44'),
(477, 2, 2, '', 120, 'gggg', 'hhhh', 12, 0, 0, 1, '2018-11-06 12:42:45'),
(478, 2, 2, '', 240, 'dfg', 'ddf', 10, 0, 0, 1, '2018-11-06 12:47:05'),
(479, 2, 2, '', 120, 'xxb', 'ggb', 14, 0, 0, 1, '2018-11-06 12:47:46'),
(480, 2, 2, '', 120, 'xxb', 'ggb', 20, 1, 0, 1, '2018-11-06 12:48:53'),
(481, 2, 2, '', 300, 'ghn', 'jjkl', 7, 1, 0, 1, '2018-11-06 13:06:21'),
(482, 2, 2, '', 345, 'ghj', 'hhj', 11, 0, 0, 1, '2018-11-06 13:07:06'),
(483, 2, 2, '', 380, 'hhj', 'ghk', 10, 0, 0, 1, '2018-11-06 13:17:43'),
(484, 2, 2, '', 380, 'hhj', 'ghk', 6, 0, 0, 1, '2018-11-06 13:18:16'),
(485, 2, 2, '', 380, 'hhj', 'ghk', 14, 1, 0, 1, '2018-11-06 13:19:14'),
(486, 19, 19, 'caja 1', 2580, 'MoRas\n', 'Skittle\n', 40, 1, 0, 1, '2018-11-06 13:38:28'),
(487, 19, 12, '', 500, 'Tablet 7\"\n', 'BLECK.\n', 66, 1, 0, 1, '2018-11-07 10:24:04'),
(488, 19, 12, 'prueba 2', 500, '> REPORTES\n', 'BOSCH P.\n', 114, 0, 0, 1, '2018-11-07 10:29:43'),
(489, 19, 12, 'prueba 3', 500, '>', 'BOSCH', 25, 0, 0, 1, '2018-11-07 10:40:37'),
(490, 20, 13, '', 500, 'ls!', 'msm', 30, 1, 0, 1, '2018-11-07 10:41:19'),
(491, 19, 12, '', 84, 'mfmf', 'ngn', 2, 0, 0, 1, '2018-11-07 10:50:13'),
(492, 19, 12, '', 84, 'mfmf', 'ngn', 16, 14, 0, 1, '2018-11-07 11:09:04'),
(493, 20, 12, 'mfm', 542, 'jdn', 'nfn', 19, 7, 0, 1, '2018-11-07 11:38:07'),
(494, 20, 12, '', 542, 'jdn', 'nfn', 18, 11, 0, 1, '2018-11-07 11:52:50'),
(495, 20, 12, 'kj', 557, 'khi', 'uhjb', 35, 42, 0, 1, '2018-11-07 12:35:42'),
(496, 20, 19, '', 690, 'k con fech 6 ', 'Notas APP\n', 28, 0, 1, 1, '2018-11-07 12:44:29'),
(497, 20, 19, '', 690, 'k', 'Notas', 60, 31, 0, 1, '2018-11-07 13:21:12'),
(498, 19, 18, 'caja 1', 258, 'Principal\n', 'Social\n', 105, 5, 0, 1, '2018-11-07 15:23:57'),
(499, 19, 18, 'prueba 3', 258, 'Principal\nll', 'Social\nll', 10, 4, 0, 1, '2018-11-07 15:28:41'),
(500, 19, 20, 'lll', 600, 'Principal\nlll', 'Social\nlll', 151, 1, 0, 1, '2018-11-07 15:30:27'),
(501, 19, 20, 'lll', 600, 'Principal\nlll', 'Social\nlll', 151, 1, 0, 1, '2018-11-07 15:30:27'),
(502, 19, 20, '4', 600, 'Principal\nllll', 'Social\nllll', 151, 0, 0, 1, '2018-11-07 15:32:21'),
(503, 19, 20, '5', 600, 'Principal\nlllll', 'Social\nlllll', 151, 0, 0, 1, '2018-11-07 15:34:57'),
(504, 19, 20, 'l', 369, 'kdms', 'kdmd', 184, 18, 0, 1, '2018-11-07 15:56:09'),
(505, 20, 12, 'kfmd', 852, 'mfdm', 'kdnd', 120, 0, 0, 1, '2018-11-07 16:04:42'),
(506, 19, 12, 'cajas', 50008, 'Redactar\n', 'Gmail\n', 13956, 2, 0, 1, '2018-11-07 17:38:01'),
(507, 19, 13, 'caja 1', 58, 'Cumpliendo con lasSS\n', 'UESTRA APLICACIÓN\n', 27, 3, 0, 1, '2018-11-09 10:36:11'),
(508, 19, 13, '', 58, 'Cumpliendo', 'UESTRA', 16, 14, 0, 1, '2018-11-09 10:53:43'),
(509, 19, 12, 'mff', 580, 'mcmc', 'mm', 20, 14, 0, 1, '2018-11-09 11:33:17'),
(510, 19, 19, '', 580, 'mcmc', 'mm', 120, 54, 0, 1, '2018-11-09 12:27:15'),
(511, 19, 12, 'kdkdks', 86794, 'mdmdks', 'mfndms', 7477, 11, 0, 1, '2018-11-09 13:15:19'),
(512, 19, 12, 'kdndn', 86794, 'mdmdks', 'mfndms', 152, 0, 0, 1, '2018-11-09 13:15:57'),
(513, 19, 12, 'mfmf', 645, 'ndmx', 'kdkd', 76, 0, 0, 1, '2018-11-09 13:17:49'),
(514, 20, 18, 'caja q', 985, 'mdm', 'mzk', 111, 1, 0, 1, '2018-11-09 13:20:30'),
(515, 20, 18, '', 500, 'ers', 'mfm', 137, 5, 0, 1, '2018-11-09 13:30:03'),
(516, 20, 18, '', 505, 'ers', 'mfm', 0, 9, 0, 1, '2018-11-09 13:39:51'),
(517, 19, 18, 'caja 1', 900, 'mfmd', 'msms', 236, 1, 0, 1, '2018-11-09 13:42:18'),
(518, 19, 18, '123', 2000, 'serial', 'lote', 1110, 0, 0, 1, '2018-11-09 13:43:56'),
(519, 19, 18, '', 2000, 'serial', 'lote', 175, 85, 0, 1, '2018-11-09 15:09:52'),
(520, 20, 13, 'mfc', 825, 'nf', 'ndnd', 237, 69, 0, 1, '2018-11-09 16:33:00'),
(521, 19, 12, 'kfkf', 25, 'kfm', 'mcm', 25, 8, 0, 1, '2018-11-09 16:49:30'),
(522, 20, 12, '', 55, 'jb', 'jj', 12, 44, 0, 1, '2018-11-12 14:50:54'),
(523, 19, 12, 'caja 1231', 250, 'BLECK\n', 'K\n', 10, 32, 0, 1, '2018-11-13 11:42:27'),
(524, 19, 12, 'msm', 58, 'lz!', 'ñ!', 11, 0, 0, 1, '2018-11-15 11:30:12'),
(525, 19, 12, 'caja q', 250, '. Coahuila\n', 'PRESENCIA E\nMÉXIC\n', 7, 20, 0, 1, '2018-11-15 12:07:50'),
(526, 19, 12, '', 250, 'kk', 'jd', 10, 0, 0, 1, '2018-11-15 12:55:39'),
(527, 19, 12, '', 258, 'mdm', 'ksm', 14, 29, 0, 1, '2018-11-15 13:26:00'),
(528, 19, 12, '', 500, '21\nPm\n', 'D\n', 20, 0, 0, 1, '2018-11-15 13:44:17'),
(529, 19, 12, 'caja 1', 258, 'Producción\n', 'P\n', 9, 6, 0, 1, '2018-11-15 14:00:35'),
(530, 19, 12, 'caja 1', 500, 'e\nDLL\n', 'i\n', 30, 0, 0, 1, '2018-11-15 14:10:15'),
(531, 19, 12, 'caja 1', 250, 'serial', '2:38\nJOE 15.11.2018\n', 20, 0, 0, 1, '2018-11-15 14:39:01'),
(532, 19, 12, 'msmz', 250, 'serial', '2:38\nJOE', 9, 68, 0, 1, '2018-11-15 15:48:02'),
(533, 19, 12, 'caja 2', 3000, 'Security Mas\n', '4.35\nJE1511.2018 vE738\n', 50, 1, 0, 1, '2018-11-15 16:37:53'),
(534, 19, 12, '', 3000, 'Security', '4.35\nJE1511.2018', 376, 1, 0, 1, '2018-11-15 17:03:05'),
(535, 19, 12, 'prueba 1', 300, 'wIO0/6G8\n', 'BIC\n', 19, 1, 0, 1, '2018-11-16 11:15:21'),
(536, 19, 12, '', 88, 'nn', 'nn', 8, 0, 0, 1, '2018-11-16 12:26:08'),
(537, 19, 12, '', 500, 'manos\n', '12 3 SGR\n', 19, 0, 0, 1, '2018-11-16 12:44:18'),
(538, 19, 12, '', 500, 'M manoS\n', '1Z 34SG\n', 10, 0, 0, 1, '2018-11-16 12:58:27'),
(539, 19, 12, '', 500, 'kska', 'kmsm', 10, 0, 0, 1, '2018-11-16 14:55:44'),
(540, 19, 12, '', 500, 'kska', 'kmsm', 11, 0, 0, 1, '2018-11-16 14:57:17'),
(541, 20, 12, 'prueba2', 5000, 'BLECK.\n', 'Tablet 7\"\n', 75, 7, 0, 1, '2018-11-16 16:44:44'),
(542, 20, 12, '', 5000, 'BLECK.\n', 'Tablet', 27, 1, 0, 1, '2018-11-16 16:46:59'),
(543, 19, 12, '', 5000, 'ksm', 'nzns', 14, 1, 0, 1, '2018-11-16 16:46:59'),
(544, 20, 12, '', 5000, 'BLECK.\n', 'Tablet', 2572, 13, 0, 1, '2018-11-16 17:03:26'),
(545, 19, 12, '', 5000, 'ksm', 'nzns', 782, 13, 0, 1, '2018-11-16 17:03:26'),
(546, 19, 12, '', 580, 'jhh', 'vh', 10, 0, 0, 1, '2018-11-21 11:43:19'),
(547, 19, 12, '', 580, 'jhh', 'vh', 10, 10, 0, 1, '2018-11-21 11:53:43'),
(548, 19, 12, '', 58, 'bh', 'jj', 8, 0, 0, 1, '2018-11-21 12:38:09'),
(549, 19, 12, '', 58, 'mdm', 'jn', 0, 0, 0, 1, '2018-11-21 13:56:22'),
(550, 19, 12, 'muestras', 200, 'serial1', 'lote1', 0, 1, 0, 1, '2018-11-21 13:59:03'),
(551, 19, 12, '', 200, 'serial1', 'lote1', 172, 1, 0, 1, '2018-11-21 14:00:28'),
(552, 19, 12, '', 25, 'kk', 'nj', 11, 1, 0, 1, '2018-11-22 10:35:18'),
(553, 20, 12, '', 520, '58mdk', '38mxn', 75, 0, 0, 1, '2018-11-22 10:54:01'),
(554, 20, 12, '', 5000, '98', '67', 22, 23, 0, 1, '2018-11-22 11:22:10'),
(555, 20, 12, '', 3000, 'mfk', 'kzk', 2072, 31, 0, 1, '2018-11-22 12:14:00'),
(556, 19, 12, '', 30080, 'kdkd????', 'BOSCH P.\n', 29, 0, 0, 1, '2018-11-22 15:45:45'),
(557, 19, 12, '', 95, 'kn', 'nm', 0, 0, 0, 1, '2018-11-22 16:00:33'),
(558, 19, 12, '', 258, '345Q929Y028S)X\n', '12450583627\n', 25, 1, 0, 1, '2018-11-23 10:32:20'),
(559, 19, 12, '', 258, '345Q929Y028S)X\n', '12450583627\n', 0, 35, 0, 1, '2018-11-23 11:17:24'),
(560, 19, 12, '', 2580, 'ijjnu', 'jbnm', 10, 0, 0, 1, '2018-11-23 11:18:43'),
(561, 19, 12, '', 963, 'ijjnu', 'jbnm', 8, 0, 0, 1, '2018-11-23 11:18:57'),
(562, 19, 12, '', 369, 'kdms', 'kdmd', 0, 32, 0, 1, '2018-11-23 12:21:56'),
(563, 19, 12, '', 580, '29383019', 'ldk239mdk93', 0, 3, 0, 1, '2018-11-23 13:42:48'),
(564, 19, 12, 'muestras', 500, 'Ciel\nPuificada\n', 'ciel\nDurificada\n', 8, 0, 0, 1, '2018-12-11 11:45:17'),
(565, 29, 21, '19.09.2018', 480, '403728378', '1188136849', 73, 0, 0, 1, '2018-12-11 12:03:52'),
(566, 29, 21, '05.09.2018', 480, '403441231', '1188136849', 14, 6, 0, 1, '2018-12-11 12:29:00'),
(567, 29, 21, 'caja 2', 480, '4939282', '1192837', 100, 1, 0, 1, '2019-01-02 15:19:35'),
(568, 29, 21, 'caja 1', 500, '403982828', '112398479', 47, 17, 0, 1, '2019-01-02 15:47:51'),
(569, 29, 21, 'caja 3', 480, '40309282', '119033948', 8, 0, 0, 1, '2019-01-02 16:31:31'),
(570, 29, 21, 'caja 4', 480, '40309282', '119033948', 45, 4, 0, 1, '2019-01-02 16:35:45'),
(571, 29, 21, 'caja 30', 58, '4030494', '82838', 12, 0, 0, 1, '2019-01-03 10:39:55'),
(572, 29, 21, '', 500, 'na', 'jfjfjfjfjf', 419, 2, 0, 1, '2019-01-03 12:30:35'),
(573, 29, 21, 'linea', 400, 'sb12', 'sb12', 15, 0, 0, 1, '2019-01-03 13:05:09'),
(574, 29, 21, '6 fallas', 480, 'ndns', 'nxkd', 21, 1, 0, 1, '2019-01-07 12:51:18'),
(575, 29, 21, '7 fallas', 480, 'ser', 'lo', 9, 0, 0, 1, '2019-01-07 12:55:19'),
(576, 29, 21, '', 480, 'ser', 'lo', 297, 19, 0, 1, '2019-01-07 13:34:47'),
(577, 29, 21, ' 6 fallas', 480, 'serial', 'lote', 9, 13, 0, 1, '2019-01-07 16:06:18'),
(578, 29, 21, 'caja 6', 480, 'serial', 'lote', 45, 2, 1, 1, '2019-01-07 16:13:16'),
(579, 29, 21, 'caja 7', 480, 'serial', 'lote', 11, 22, 0, 1, '2019-01-07 16:35:53'),
(580, 29, 21, 'cel', 500, 'ser', 'lot', 24, 0, 0, 1, '2019-01-07 17:29:26'),
(581, 29, 21, '', 500, 'ser', 'lot', 310, 0, 0, 1, '2019-01-07 17:44:56'),
(582, 29, 21, 'N1 08.01', 480, '403021948', '1204848', 26, 53, 6, 1, '2019-01-08 11:24:57'),
(583, 29, 21, 'N3 08.01', 480, '403029181', '11039', 59, 11, 0, 1, '2019-01-08 13:08:10'),
(584, 29, 21, '', 480, '403029181', '11039', 90, 11, 0, 1, '2019-01-08 13:18:54'),
(585, 2, 2, 'hhhj', 200, 'fghj', 'fgjl', 12, 0, 0, 1, '2019-01-10 10:35:45'),
(586, 2, 4, 'jjhg', 580, 'kjhgff', 'jhhh', 143, 0, 0, 1, '2019-01-10 10:41:31'),
(587, 29, 21, '1', 100, 'qwe', 'qwe', 10, 0, 0, 1, '2019-01-10 11:43:00'),
(588, 29, 21, '2', 100, 'qwe', 'qwe', 18, 0, 0, 1, '2019-01-10 11:47:27'),
(589, 29, 21, '3', 100, 'qwe', 'qwe', 8, 0, 0, 1, '2019-01-10 11:50:39'),
(590, 29, 21, 'n1', 100, 'qwe@#€', '123@#€', 10, 0, 0, 1, '2019-01-11 11:58:15'),
(591, 29, 21, 'n1', 100, 'qwe@#€', '123@#€', 10, 0, 0, 1, '2019-01-11 11:58:15'),
(592, 29, 21, 'p.cel', 100, 'p.cel', 'p.cel', 7, 3, 0, 1, '2019-01-11 12:07:11'),
(593, 29, 21, '', 100, 'jj', 'jj', 11, 9, 0, 1, '2019-01-11 12:16:50'),
(594, 29, 21, 'lsm', 100, 'kdmd', 'ksms', 10, 0, 0, 1, '2019-01-11 13:15:14'),
(595, 29, 21, 'xn', 100, '123bn', '123cn', 41, 1, 0, 1, '2019-01-11 13:48:02'),
(596, 29, 21, '', 258, 'mdms', 'ndkd', 30, 8, 0, 1, '2019-01-11 15:19:21'),
(597, 29, 21, '', 258, 'mdms', 'ndkd', 11, 1, 0, 1, '2019-01-11 15:20:06'),
(598, 29, 21, 'pruebabde sesión', 258, 'jdjd', 'ndkd', 23, 0, 0, 1, '2019-01-11 15:26:14'),
(599, 29, 21, '', 580, 'kdm', 'mdm', 580, 0, 0, 1, '2019-01-11 15:33:59'),
(600, 29, 21, '2', 580, 'kdm', 'mdm', 10, 19, 0, 1, '2019-01-11 15:52:39'),
(601, 2, 2, 'errrrrrrr', 50, 'gggggg', 'ghjpoooo', 27, 60, 0, 1, '2019-01-14 13:05:00'),
(602, 2, 2, 'aaaaaaaaaaa', 50, 'ooooooo', 'sddffg', 21, 60, 0, 1, '2019-01-14 15:43:49'),
(603, 2, 2, 'hiiiiiiiiiiiii', 150, 'jojojojojojojo', 'teeeeeesssstttt', 22, 81, 0, 1, '2019-01-15 11:25:43'),
(604, 2, 2, 'ffds', 58, 'ghj', 'jhkg', 21, 1, 0, 1, '2019-01-15 12:42:47'),
(605, 2, 2, 'jdjdkds', 58, 'ghj', 'jhkg', 25, 1, 0, 1, '2019-01-15 12:44:14'),
(606, 2, 2, 'eetjfkfkf', 400, 'ghj', 'jhkg', 62, 62, 0, 1, '2019-01-15 13:47:23'),
(607, 2, 2, 'eeeeeeeeeee', 400, 'ghj', 'jhkg', 33, 66, 0, 1, '2019-01-15 14:53:50'),
(608, 2, 2, 'juuuuuuuuuuuu', 600, 'ghj', 'jhkg', 95, 64, 0, 1, '2019-01-15 15:58:01'),
(609, 2, 2, 'dfddgfbgnd', 600, 'ghj', 'jhkg', 37, 47, 0, 1, '2019-01-15 17:32:11');

-- --------------------------------------------------------

--
-- Estructura de tabla para la tabla `box_failures`
--

CREATE TABLE `box_failures` (
  `id_box_failure` int(11) UNSIGNED NOT NULL,
  `box` int(11) UNSIGNED NOT NULL,
  `id_failure` int(11) UNSIGNED NOT NULL,
  `nok_pieces` int(11) DEFAULT NULL
) ENGINE=InnoDB DEFAULT CHARSET=latin1;

--
-- Volcado de datos para la tabla `box_failures`
--

INSERT INTO `box_failures` (`id_box_failure`, `box`, `id_failure`, `nok_pieces`) VALUES
(1, 9, 2, 4),
(2, 9, 3, 6),
(3, 10, 2, 9),
(4, 10, 3, 3),
(5, 11, 2, 4),
(6, 11, 3, 11),
(7, 12, 2, 8),
(8, 12, 3, 3),
(9, 13, 2, 8),
(10, 13, 3, 2),
(11, 14, 2, 8),
(12, 14, 3, 3),
(13, 15, 2, 6),
(14, 15, 3, 12),
(15, 16, 2, 8),
(16, 16, 3, 10),
(17, 17, 2, 9),
(18, 17, 3, 9),
(19, 18, 2, 9),
(20, 18, 3, 3),
(21, 19, 2, 6),
(22, 19, 3, 7),
(23, 20, 2, 0),
(24, 20, 3, 7),
(25, 21, 2, 7),
(26, 21, 3, 0),
(27, 22, 2, 0),
(28, 22, 3, 0),
(29, 23, 2, 8),
(30, 23, 3, 9),
(31, 24, 2, 6),
(32, 24, 3, 10),
(33, 25, 2, 6),
(34, 25, 3, 10),
(35, 26, 2, 5),
(36, 26, 3, 7),
(37, 27, 2, 5),
(38, 27, 3, 11),
(39, 31, 2, 3),
(40, 31, 3, 10),
(41, 32, 2, 0),
(42, 32, 3, 0),
(43, 33, 2, 10),
(44, 33, 3, 2),
(45, 34, 2, 6),
(46, 34, 3, 5),
(47, 35, 2, 7),
(48, 35, 3, 5),
(49, 36, 2, 2),
(50, 36, 3, 1),
(51, 37, 2, 2),
(52, 37, 3, 1),
(53, 38, 2, 7),
(54, 38, 3, 4),
(55, 39, 4, 2),
(56, 40, 2, 9),
(57, 40, 3, 3),
(58, 41, 2, 7),
(59, 41, 3, 4),
(60, 42, 2, 12),
(61, 42, 3, 4),
(62, 43, 2, 11),
(63, 43, 3, 2),
(64, 44, 2, 0),
(65, 44, 3, 0),
(66, 45, 2, 10),
(67, 45, 3, 3),
(68, 46, 2, 0),
(69, 46, 3, 0),
(70, 47, 2, 10),
(71, 47, 3, 3),
(72, 48, 2, 12),
(73, 48, 3, 7),
(74, 49, 2, 4),
(75, 49, 3, 2),
(76, 50, 2, 10),
(77, 50, 3, 3),
(78, 51, 2, 10),
(79, 51, 3, 4),
(80, 52, 2, 7),
(81, 52, 3, 4),
(82, 53, 2, 0),
(83, 53, 3, 0),
(84, 54, 2, 0),
(85, 54, 3, 0),
(86, 55, 2, 0),
(87, 55, 3, 0),
(88, 56, 4, 0),
(89, 57, 2, 0),
(90, 57, 3, 0),
(91, 58, 2, 5),
(92, 58, 3, 4),
(93, 59, 2, 7),
(94, 59, 3, 7),
(95, 59, 9, 4),
(96, 60, 6, 4),
(97, 60, 7, 9),
(98, 60, 8, 4),
(99, 61, 6, 4),
(100, 61, 7, 2),
(101, 61, 8, 10),
(102, 62, 2, 7),
(103, 62, 3, 3),
(104, 62, 9, 10),
(105, 63, 2, 7),
(106, 63, 3, 10),
(107, 63, 9, 3),
(108, 64, 5, 4),
(109, 65, 6, 5),
(110, 65, 7, 11),
(111, 65, 8, 2),
(112, 66, 2, 4),
(113, 66, 3, 9),
(114, 66, 9, 1),
(115, 67, 2, 4),
(116, 67, 3, 11),
(117, 67, 9, 1),
(118, 68, 2, 8),
(119, 68, 3, 3),
(120, 68, 9, 0),
(121, 69, 2, 7),
(122, 69, 3, 209),
(123, 69, 9, 3),
(124, 70, 2, 12),
(125, 70, 3, 149),
(126, 70, 9, 58),
(127, 71, 6, 1),
(128, 71, 7, 0),
(129, 71, 8, 0),
(130, 72, 6, 30),
(131, 72, 7, 10),
(132, 72, 8, 12),
(133, 73, 2, 0),
(134, 73, 3, 0),
(135, 73, 9, 0),
(136, 74, 5, 6),
(137, 75, 2, 0),
(138, 75, 3, 0),
(139, 75, 9, 0),
(140, 76, 2, 0),
(141, 76, 3, 0),
(142, 76, 9, 0),
(143, 77, 2, 0),
(144, 77, 3, 0),
(145, 77, 9, 0),
(146, 78, 2, 9),
(147, 78, 3, 0),
(148, 78, 9, 0),
(149, 79, 2, 10),
(150, 79, 3, 5),
(151, 79, 9, 0),
(152, 80, 2, 0),
(153, 80, 3, 35),
(154, 80, 9, 7),
(155, 81, 2, 0),
(156, 81, 3, 26),
(157, 81, 9, 0),
(158, 82, 2, 12),
(159, 82, 3, 21),
(160, 82, 9, 0),
(161, 83, 2, 0),
(162, 83, 3, 68),
(163, 83, 9, 57),
(164, 84, 2, 0),
(165, 84, 3, 0),
(166, 84, 9, 0),
(167, 85, 2, 0),
(168, 85, 3, 0),
(169, 85, 9, 0),
(170, 86, 4, 158),
(171, 87, 10, 10),
(172, 88, 10, 6),
(173, 89, 11, 74),
(174, 90, 10, 10),
(175, 91, 2, 44),
(176, 91, 3, 14),
(177, 91, 9, 3),
(178, 92, 2, 5),
(179, 92, 3, 82),
(180, 92, 9, 5),
(181, 93, 2, 9),
(182, 93, 3, 75),
(183, 93, 9, 0),
(184, 94, 2, 16),
(185, 94, 3, 207),
(186, 94, 9, 10),
(187, 95, 3, 0),
(188, 96, 2, 0),
(189, 96, 3, 15),
(190, 97, 2, 0),
(191, 97, 3, 10),
(192, 98, 2, 3),
(193, 98, 3, 590),
(194, 99, 2, 0),
(195, 99, 3, 0),
(196, 100, 4, 0),
(197, 101, 2, 0),
(198, 101, 3, 0),
(199, 102, 2, 0),
(200, 102, 3, 0),
(201, 103, 4, 10),
(202, 104, 2, 71),
(203, 104, 3, 9),
(204, 104, 9, 0),
(205, 104, 12, 0),
(206, 105, 2, 0),
(207, 105, 3, 0),
(208, 105, 9, 0),
(209, 105, 12, 9),
(210, 106, 2, 11),
(211, 106, 3, 0),
(212, 106, 9, 0),
(213, 106, 12, 9),
(214, 107, 10, 10),
(215, 108, 2, 9),
(216, 108, 3, 82),
(217, 108, 9, 0),
(218, 108, 12, 10),
(219, 108, 14, 0),
(220, 109, 2, 6),
(221, 109, 3, 36),
(222, 109, 9, 10),
(223, 109, 12, 40),
(224, 110, 10, 9),
(225, 111, 4, 26),
(226, 112, 2, 0),
(227, 112, 3, 9),
(228, 112, 9, 9),
(229, 112, 12, 0),
(230, 113, 10, 63),
(231, 114, 2, 11),
(232, 114, 3, 0),
(233, 114, 9, 0),
(234, 114, 12, 10),
(235, 115, 2, 7),
(236, 115, 3, 0),
(237, 115, 9, 0),
(238, 115, 12, 0),
(239, 116, 2, 0),
(240, 116, 3, 2),
(241, 116, 9, 0),
(242, 116, 12, 0),
(243, 117, 2, 10),
(244, 117, 3, 0),
(245, 117, 9, 0),
(246, 117, 12, 0),
(247, 118, 15, 74),
(248, 119, 15, 7),
(249, 120, 16, 2),
(250, 121, 2, 0),
(251, 121, 3, 0),
(252, 121, 9, 0),
(253, 121, 12, 14),
(254, 122, 2, 0),
(255, 122, 3, 0),
(256, 122, 9, 0),
(257, 122, 12, 0),
(258, 123, 2, 0),
(259, 123, 3, 0),
(260, 123, 9, 0),
(261, 123, 12, 0),
(262, 124, 2, 0),
(263, 124, 3, 0),
(264, 124, 9, 0),
(265, 124, 12, 0),
(266, 125, 2, 0),
(267, 125, 3, 0),
(268, 125, 9, 0),
(269, 125, 12, 0),
(270, 126, 2, 0),
(271, 126, 3, 0),
(272, 126, 9, 0),
(273, 126, 12, 0),
(274, 127, 2, 0),
(275, 127, 3, 0),
(276, 127, 9, 0),
(277, 127, 12, 9),
(278, 128, 2, 0),
(279, 128, 3, 0),
(280, 128, 9, 0),
(281, 128, 12, 0),
(282, 129, 2, 0),
(283, 129, 3, 0),
(284, 129, 9, 0),
(285, 129, 12, 0),
(286, 130, 16, 499),
(287, 130, 17, 0),
(288, 131, 18, 7),
(289, 132, 15, 0),
(290, 132, 19, 8),
(291, 133, 16, 9),
(292, 133, 17, 0),
(293, 134, 15, 10),
(294, 134, 19, 20),
(295, 135, 15, 10),
(296, 135, 19, 9),
(297, 136, 15, 5),
(298, 136, 19, 6),
(299, 137, 15, 8),
(300, 137, 19, 2),
(301, 138, 15, 0),
(302, 138, 19, 1),
(303, 139, 15, 11),
(304, 139, 19, 0),
(305, 140, 16, 9),
(306, 140, 17, 10),
(307, 141, 16, 5),
(308, 141, 17, 0),
(309, 142, 15, 0),
(310, 142, 19, 10),
(311, 143, 15, 0),
(312, 143, 19, 1000),
(313, 144, 15, 0),
(314, 144, 19, 0),
(315, 145, 16, 11),
(316, 145, 17, 0),
(317, 146, 2, 0),
(318, 146, 3, 0),
(319, 146, 9, 0),
(320, 146, 12, 11),
(321, 147, 18, 50),
(322, 148, 18, 10),
(323, 149, 2, 5),
(324, 149, 3, 6),
(325, 149, 9, 7),
(326, 149, 12, 8),
(327, 150, 15, 10),
(328, 150, 19, 9),
(329, 151, 15, 12),
(330, 151, 19, 37),
(331, 152, 15, 0),
(332, 152, 19, 0),
(333, 153, 20, 32),
(334, 153, 21, 56),
(335, 154, 22, 435),
(336, 154, 23, 654),
(337, 155, 22, 32),
(338, 155, 23, 4),
(339, 156, 22, 56),
(340, 156, 23, 897),
(341, 157, 22, 37),
(342, 157, 23, 0),
(343, 158, 20, 23),
(344, 158, 21, 56),
(345, 159, 22, 52),
(346, 159, 23, 0),
(347, 160, 22, 50),
(348, 161, 20, 0),
(349, 161, 21, 0),
(350, 162, 2, 12),
(351, 162, 3, 0),
(352, 162, 9, 0),
(353, 162, 12, 0),
(354, 163, 24, 9),
(355, 164, 25, 121),
(356, 165, 2, 7),
(357, 165, 3, 0),
(358, 165, 9, 0),
(359, 165, 12, 10),
(360, 166, 2, 6),
(361, 166, 3, 9),
(362, 166, 9, 0),
(363, 166, 12, 0),
(364, 167, 2, 0),
(365, 167, 3, 3),
(366, 167, 9, 0),
(367, 167, 12, 8),
(368, 168, 20, 0),
(369, 168, 21, 0),
(370, 169, 20, 0),
(371, 169, 21, 0),
(372, 170, 2, 0),
(373, 170, 3, 4),
(374, 170, 9, 0),
(375, 170, 12, 338),
(376, 171, 2, 13),
(377, 171, 3, 0),
(378, 171, 9, 0),
(379, 171, 12, 0),
(380, 172, 2, 118),
(381, 172, 3, 23),
(382, 172, 9, 44),
(383, 172, 12, 26),
(384, 173, 2, 0),
(385, 173, 3, 10),
(386, 173, 9, 0),
(387, 173, 12, 0),
(388, 174, 2, 11),
(389, 174, 3, 9),
(390, 174, 9, 0),
(391, 174, 12, 0),
(392, 175, 2, 6),
(393, 175, 3, 7),
(394, 175, 9, 8),
(395, 175, 12, 9),
(396, 176, 20, 9),
(397, 176, 21, 10),
(398, 177, 20, 15),
(399, 177, 21, 13),
(400, 178, 20, 0),
(401, 178, 21, 0),
(402, 179, 5, 12),
(403, 180, 25, 238),
(404, 181, 27, 26),
(405, 182, 18, 26),
(406, 183, 26, 44),
(407, 184, 26, 33),
(408, 185, 6, 12),
(409, 185, 7, 34),
(410, 185, 8, 44),
(411, 186, 6, 40),
(412, 186, 7, 19),
(413, 186, 8, 47),
(414, 187, 6, 10),
(415, 187, 7, 10),
(416, 187, 8, 10),
(417, 188, 22, 10),
(418, 188, 23, 6),
(419, 189, 22, 30),
(420, 189, 23, 30),
(421, 190, 22, 0),
(422, 190, 23, 40),
(423, 191, 22, 14),
(424, 191, 23, 0),
(425, 192, 4, 85),
(426, 193, 6, 9),
(427, 193, 7, 9),
(428, 193, 8, 16),
(429, 194, 6, 8),
(430, 194, 7, 4),
(431, 194, 8, 109),
(432, 195, 6, 11),
(433, 195, 7, 9),
(434, 195, 8, 8),
(435, 196, 6, 0),
(436, 196, 7, 0),
(437, 196, 8, 0),
(438, 197, 6, 2),
(439, 197, 7, 22),
(440, 197, 8, 7),
(441, 198, 2, 0),
(442, 198, 3, 0),
(443, 198, 9, 0),
(444, 198, 12, 0),
(445, 199, 5, 38),
(446, 200, 5, 185),
(447, 201, 6, 2),
(448, 201, 7, 9),
(449, 201, 8, 15),
(450, 202, 6, 60),
(451, 202, 7, 2),
(452, 202, 8, 38),
(453, 203, 6, 95),
(454, 203, 7, 13),
(455, 203, 8, 65),
(456, 204, 5, 37),
(457, 205, 2, 15),
(458, 205, 3, 57),
(459, 205, 9, 19),
(460, 205, 12, 9),
(461, 206, 2, 40),
(462, 206, 3, 20),
(463, 206, 9, 30),
(464, 206, 12, 70),
(465, 207, 20, 45),
(466, 207, 21, 173),
(467, 208, 22, 9),
(468, 208, 23, 15),
(469, 209, 22, 34),
(470, 209, 23, 45),
(471, 210, 20, 0),
(472, 210, 21, 7),
(473, 211, 20, 10),
(474, 211, 21, 20),
(475, 212, 22, 31),
(476, 212, 23, 76),
(477, 213, 20, 0),
(478, 213, 21, 5),
(479, 214, 20, 10),
(480, 214, 21, 10),
(481, 215, 20, 40),
(482, 215, 21, 10),
(483, 216, 20, 20),
(484, 216, 21, 33),
(485, 217, 20, 0),
(486, 217, 21, 80),
(487, 218, 20, 22),
(488, 218, 21, 100),
(489, 219, 20, 23),
(490, 219, 21, 20),
(491, 220, 22, 100),
(492, 220, 23, 66),
(493, 221, 29, 173),
(494, 222, 29, 320),
(495, 223, 29, 0),
(496, 224, 29, 42),
(497, 224, 30, 43),
(498, 225, 20, 10),
(499, 225, 21, 25),
(500, 226, 29, 9),
(501, 226, 30, 10),
(502, 227, 29, 10),
(503, 227, 30, 11),
(504, 228, 20, 11),
(505, 228, 21, 75),
(506, 229, 20, 11),
(507, 229, 21, 12),
(508, 230, 20, 9),
(509, 230, 21, 7),
(510, 231, 20, 0),
(511, 231, 21, 7),
(512, 232, 2, 0),
(513, 232, 3, 5),
(514, 232, 9, 0),
(515, 232, 12, 8),
(516, 233, 2, 0),
(517, 233, 3, 5),
(518, 233, 9, 0),
(519, 233, 12, 8),
(520, 234, 2, 0),
(521, 234, 3, 5),
(522, 234, 9, 0),
(523, 234, 12, 8),
(524, 235, 2, 0),
(525, 235, 3, 5),
(526, 235, 9, 0),
(527, 235, 12, 8),
(528, 236, 2, 0),
(529, 236, 3, 5),
(530, 236, 9, 0),
(531, 236, 12, 8),
(532, 237, 2, 0),
(533, 237, 3, 5),
(534, 237, 9, 0),
(535, 237, 12, 8),
(536, 238, 2, 0),
(537, 238, 3, 5),
(538, 238, 9, 0),
(539, 238, 12, 8),
(540, 239, 2, 0),
(541, 239, 3, 5),
(542, 239, 9, 0),
(543, 239, 12, 8),
(544, 240, 2, 0),
(545, 240, 3, 5),
(546, 240, 9, 0),
(547, 240, 12, 8),
(548, 241, 2, 0),
(549, 241, 3, 5),
(550, 241, 9, 0),
(551, 241, 12, 8),
(552, 242, 2, 0),
(553, 242, 3, 5),
(554, 242, 9, 0),
(555, 242, 12, 8),
(556, 243, 2, 0),
(557, 243, 3, 5),
(558, 243, 9, 0),
(559, 243, 12, 8),
(560, 244, 2, 0),
(561, 244, 3, 5),
(562, 244, 9, 0),
(563, 244, 12, 8),
(564, 245, 2, 0),
(565, 245, 3, 5),
(566, 245, 9, 0),
(567, 245, 12, 8),
(568, 246, 2, 0),
(569, 246, 3, 5),
(570, 246, 9, 0),
(571, 246, 12, 8),
(572, 247, 2, 0),
(573, 247, 3, 5),
(574, 247, 9, 0),
(575, 247, 12, 8),
(576, 248, 2, 0),
(577, 248, 3, 5),
(578, 248, 9, 0),
(579, 248, 12, 8),
(580, 249, 2, 0),
(581, 249, 3, 5),
(582, 249, 9, 0),
(583, 249, 12, 8),
(584, 250, 2, 0),
(585, 250, 3, 5),
(586, 250, 9, 0),
(587, 250, 12, 8),
(588, 251, 2, 0),
(589, 251, 3, 5),
(590, 251, 9, 0),
(591, 251, 12, 8),
(592, 252, 2, 0),
(593, 252, 3, 5),
(594, 252, 9, 0),
(595, 252, 12, 8),
(596, 253, 2, 0),
(597, 253, 3, 5),
(598, 253, 9, 0),
(599, 253, 12, 8),
(600, 254, 2, 0),
(601, 254, 3, 5),
(602, 254, 9, 0),
(603, 254, 12, 8),
(604, 255, 2, 0),
(605, 255, 3, 5),
(606, 255, 9, 0),
(607, 255, 12, 8),
(608, 256, 2, 0),
(609, 256, 3, 5),
(610, 256, 9, 0),
(611, 256, 12, 8),
(612, 257, 2, 0),
(613, 257, 3, 5),
(614, 257, 9, 0),
(615, 257, 12, 8),
(616, 258, 2, 0),
(617, 258, 3, 5),
(618, 258, 9, 0),
(619, 258, 12, 8),
(620, 259, 2, 0),
(621, 259, 3, 5),
(622, 259, 9, 0),
(623, 259, 12, 8),
(624, 260, 2, 0),
(625, 260, 3, 5),
(626, 260, 9, 0),
(627, 260, 12, 8),
(628, 261, 2, 0),
(629, 261, 3, 5),
(630, 261, 9, 0),
(631, 261, 12, 8),
(632, 262, 2, 0),
(633, 262, 3, 5),
(634, 262, 9, 0),
(635, 262, 12, 8),
(636, 263, 2, 0),
(637, 263, 3, 5),
(638, 263, 9, 0),
(639, 263, 12, 8),
(640, 264, 2, 0),
(641, 264, 3, 5),
(642, 264, 9, 0),
(643, 264, 12, 8),
(644, 265, 2, 0),
(645, 265, 3, 5),
(646, 265, 9, 0),
(647, 265, 12, 8),
(648, 266, 2, 0),
(649, 266, 3, 5),
(650, 266, 9, 0),
(651, 266, 12, 8),
(652, 267, 2, 0),
(653, 267, 3, 5),
(654, 267, 9, 0),
(655, 267, 12, 8),
(656, 268, 2, 0),
(657, 268, 3, 5),
(658, 268, 9, 0),
(659, 268, 12, 8),
(660, 269, 2, 0),
(661, 269, 3, 5),
(662, 269, 9, 0),
(663, 269, 12, 8),
(664, 270, 2, 0),
(665, 270, 3, 5),
(666, 270, 9, 0),
(667, 270, 12, 8),
(668, 271, 2, 0),
(669, 271, 3, 5),
(670, 271, 9, 0),
(671, 271, 12, 8),
(672, 272, 2, 0),
(673, 272, 3, 5),
(674, 272, 9, 0),
(675, 272, 12, 8),
(676, 273, 2, 0),
(677, 273, 3, 5),
(678, 273, 9, 0),
(679, 273, 12, 8),
(680, 274, 2, 0),
(681, 274, 3, 5),
(682, 274, 9, 0),
(683, 274, 12, 8),
(684, 275, 2, 0),
(685, 275, 3, 5),
(686, 275, 9, 0),
(687, 275, 12, 8),
(688, 276, 2, 0),
(689, 276, 3, 5),
(690, 276, 9, 0),
(691, 276, 12, 8),
(692, 277, 2, 0),
(693, 277, 3, 5),
(694, 277, 9, 0),
(695, 277, 12, 8),
(696, 278, 2, 0),
(697, 278, 3, 5),
(698, 278, 9, 0),
(699, 278, 12, 8),
(700, 279, 2, 0),
(701, 279, 3, 5),
(702, 279, 9, 0),
(703, 279, 12, 8),
(704, 280, 2, 0),
(705, 280, 3, 5),
(706, 280, 9, 0),
(707, 280, 12, 8),
(708, 281, 2, 0),
(709, 281, 3, 5),
(710, 281, 9, 0),
(711, 281, 12, 8),
(712, 282, 2, 0),
(713, 282, 3, 5),
(714, 282, 9, 0),
(715, 282, 12, 8),
(716, 283, 2, 0),
(717, 283, 3, 5),
(718, 283, 9, 0),
(719, 283, 12, 8),
(720, 284, 2, 0),
(721, 284, 3, 5),
(722, 284, 9, 0),
(723, 284, 12, 8),
(724, 285, 2, 0),
(725, 285, 3, 5),
(726, 285, 9, 0),
(727, 285, 12, 8),
(728, 286, 2, 0),
(729, 286, 3, 5),
(730, 286, 9, 0),
(731, 286, 12, 8),
(732, 287, 2, 0),
(733, 287, 3, 5),
(734, 287, 9, 0),
(735, 287, 12, 8),
(736, 288, 2, 0),
(737, 288, 3, 5),
(738, 288, 9, 0),
(739, 288, 12, 8),
(740, 289, 2, 0),
(741, 289, 3, 5),
(742, 289, 9, 0),
(743, 289, 12, 8),
(744, 290, 2, 0),
(745, 290, 3, 5),
(746, 290, 9, 0),
(747, 290, 12, 8),
(748, 291, 2, 0),
(749, 291, 3, 5),
(750, 291, 9, 0),
(751, 291, 12, 8),
(752, 292, 2, 0),
(753, 292, 3, 5),
(754, 292, 9, 0),
(755, 292, 12, 8),
(756, 293, 2, 0),
(757, 293, 3, 5),
(758, 293, 9, 0),
(759, 293, 12, 8),
(760, 294, 2, 0),
(761, 294, 3, 5),
(762, 294, 9, 0),
(763, 294, 12, 8),
(764, 295, 2, 0),
(765, 295, 3, 5),
(766, 295, 9, 0),
(767, 295, 12, 8),
(768, 296, 2, 0),
(769, 296, 3, 5),
(770, 296, 9, 0),
(771, 296, 12, 8),
(772, 297, 2, 0),
(773, 297, 3, 5),
(774, 297, 9, 0),
(775, 297, 12, 8),
(776, 298, 2, 0),
(777, 298, 3, 5),
(778, 298, 9, 0),
(779, 298, 12, 8),
(780, 299, 2, 0),
(781, 299, 3, 5),
(782, 299, 9, 0),
(783, 299, 12, 8),
(784, 300, 2, 0),
(785, 300, 3, 5),
(786, 300, 9, 0),
(787, 300, 12, 8),
(788, 301, 2, 0),
(789, 301, 3, 5),
(790, 301, 9, 0),
(791, 301, 12, 8),
(792, 302, 2, 0),
(793, 302, 3, 5),
(794, 302, 9, 0),
(795, 302, 12, 8),
(796, 303, 2, 0),
(797, 303, 3, 5),
(798, 303, 9, 0),
(799, 303, 12, 8),
(800, 304, 2, 0),
(801, 304, 3, 5),
(802, 304, 9, 0),
(803, 304, 12, 8),
(804, 305, 2, 0),
(805, 305, 3, 5),
(806, 305, 9, 0),
(807, 305, 12, 8),
(808, 306, 2, 0),
(809, 306, 3, 5),
(810, 306, 9, 0),
(811, 306, 12, 8),
(812, 307, 2, 0),
(813, 307, 3, 5),
(814, 307, 9, 0),
(815, 307, 12, 8),
(816, 308, 2, 0),
(817, 308, 3, 5),
(818, 308, 9, 0),
(819, 308, 12, 8),
(820, 309, 2, 0),
(821, 309, 3, 5),
(822, 309, 9, 0),
(823, 309, 12, 8),
(824, 310, 2, 0),
(825, 310, 3, 5),
(826, 310, 9, 0),
(827, 310, 12, 8),
(828, 311, 2, 0),
(829, 311, 3, 5),
(830, 311, 9, 0),
(831, 311, 12, 8),
(832, 312, 2, 0),
(833, 312, 3, 5),
(834, 312, 9, 0),
(835, 312, 12, 8),
(836, 313, 2, 0),
(837, 313, 3, 5),
(838, 313, 9, 0),
(839, 313, 12, 8),
(840, 314, 2, 0),
(841, 314, 3, 5),
(842, 314, 9, 0),
(843, 314, 12, 8),
(844, 315, 2, 0),
(845, 315, 3, 5),
(846, 315, 9, 0),
(847, 315, 12, 8),
(848, 316, 2, 0),
(849, 316, 3, 5),
(850, 316, 9, 0),
(851, 316, 12, 8),
(852, 317, 2, 0),
(853, 317, 3, 5),
(854, 317, 9, 0),
(855, 317, 12, 8),
(856, 318, 2, 0),
(857, 318, 3, 5),
(858, 318, 9, 0),
(859, 318, 12, 8),
(860, 319, 2, 0),
(861, 319, 3, 5),
(862, 319, 9, 0),
(863, 319, 12, 8),
(864, 320, 2, 0),
(865, 320, 3, 5),
(866, 320, 9, 0),
(867, 320, 12, 8),
(868, 321, 2, 0),
(869, 321, 3, 5),
(870, 321, 9, 0),
(871, 321, 12, 8),
(872, 322, 2, 0),
(873, 322, 3, 5),
(874, 322, 9, 0),
(875, 322, 12, 8),
(876, 323, 2, 0),
(877, 323, 3, 5),
(878, 323, 9, 0),
(879, 323, 12, 8),
(880, 324, 2, 0),
(881, 324, 3, 5),
(882, 324, 9, 0),
(883, 324, 12, 8),
(884, 325, 2, 0),
(885, 325, 3, 5),
(886, 325, 9, 0),
(887, 325, 12, 8),
(888, 326, 2, 0),
(889, 326, 3, 5),
(890, 326, 9, 0),
(891, 326, 12, 8),
(892, 327, 2, 0),
(893, 327, 3, 5),
(894, 327, 9, 0),
(895, 327, 12, 8),
(896, 328, 2, 0),
(897, 328, 3, 5),
(898, 328, 9, 0),
(899, 328, 12, 8),
(900, 329, 2, 0),
(901, 329, 3, 5),
(902, 329, 9, 0),
(903, 329, 12, 8),
(904, 330, 2, 0),
(905, 330, 3, 5),
(906, 330, 9, 0),
(907, 330, 12, 8),
(908, 331, 2, 0),
(909, 331, 3, 5),
(910, 331, 9, 0),
(911, 331, 12, 8),
(912, 332, 2, 0),
(913, 332, 3, 5),
(914, 332, 9, 0),
(915, 332, 12, 8),
(916, 333, 2, 0),
(917, 333, 3, 5),
(918, 333, 9, 0),
(919, 333, 12, 8),
(920, 334, 2, 0),
(921, 334, 3, 5),
(922, 334, 9, 0),
(923, 334, 12, 8),
(924, 335, 2, 0),
(925, 335, 3, 5),
(926, 335, 9, 0),
(927, 335, 12, 8),
(928, 336, 2, 0),
(929, 336, 3, 5),
(930, 336, 9, 0),
(931, 336, 12, 8),
(932, 337, 2, 0),
(933, 337, 3, 5),
(934, 337, 9, 0),
(935, 337, 12, 8),
(936, 338, 2, 0),
(937, 338, 3, 5),
(938, 338, 9, 0),
(939, 338, 12, 8),
(940, 339, 2, 0),
(941, 339, 3, 5),
(942, 339, 9, 0),
(943, 339, 12, 8),
(944, 340, 2, 0),
(945, 340, 3, 5),
(946, 340, 9, 0),
(947, 340, 12, 8),
(948, 341, 2, 0),
(949, 341, 3, 5),
(950, 341, 9, 0),
(951, 341, 12, 8),
(952, 342, 2, 0),
(953, 342, 3, 5),
(954, 342, 9, 0),
(955, 342, 12, 8),
(956, 343, 2, 0),
(957, 343, 3, 5),
(958, 343, 9, 0),
(959, 343, 12, 8),
(960, 344, 2, 0),
(961, 344, 3, 5),
(962, 344, 9, 0),
(963, 344, 12, 8),
(964, 345, 2, 0),
(965, 345, 3, 5),
(966, 345, 9, 0),
(967, 345, 12, 8),
(968, 346, 2, 0),
(969, 346, 3, 5),
(970, 346, 9, 0),
(971, 346, 12, 8),
(972, 347, 2, 0),
(973, 347, 3, 5),
(974, 347, 9, 0),
(975, 347, 12, 8),
(976, 348, 2, 0),
(977, 348, 3, 5),
(978, 348, 9, 0),
(979, 348, 12, 8),
(980, 349, 2, 0),
(981, 349, 3, 5),
(982, 349, 9, 0),
(983, 349, 12, 8),
(984, 350, 2, 0),
(985, 350, 3, 5),
(986, 350, 9, 0),
(987, 350, 12, 8),
(988, 351, 2, 0),
(989, 351, 3, 5),
(990, 351, 9, 0),
(991, 351, 12, 8),
(992, 352, 2, 0),
(993, 352, 3, 5),
(994, 352, 9, 0),
(995, 352, 12, 8),
(996, 353, 2, 0),
(997, 353, 3, 5),
(998, 353, 9, 0),
(999, 353, 12, 8),
(1000, 354, 2, 0),
(1001, 354, 3, 5),
(1002, 354, 9, 0),
(1003, 354, 12, 8),
(1004, 355, 2, 0),
(1005, 355, 3, 5),
(1006, 355, 9, 0),
(1007, 355, 12, 8),
(1008, 356, 2, 0),
(1009, 356, 3, 5),
(1010, 356, 9, 0),
(1011, 356, 12, 8),
(1012, 357, 2, 0),
(1013, 357, 3, 5),
(1014, 357, 9, 0),
(1015, 357, 12, 8),
(1016, 358, 2, 0),
(1017, 358, 3, 5),
(1018, 358, 9, 0),
(1019, 358, 12, 8),
(1020, 359, 2, 0),
(1021, 359, 3, 5),
(1022, 359, 9, 0),
(1023, 359, 12, 8),
(1024, 360, 2, 0),
(1025, 360, 3, 5),
(1026, 360, 9, 0),
(1027, 360, 12, 8),
(1028, 361, 2, 0),
(1029, 361, 3, 5),
(1030, 361, 9, 0),
(1031, 361, 12, 8),
(1032, 362, 2, 0),
(1033, 362, 3, 5),
(1034, 362, 9, 0),
(1035, 362, 12, 8),
(1036, 363, 2, 0),
(1037, 363, 3, 5),
(1038, 363, 9, 0),
(1039, 363, 12, 8),
(1040, 364, 2, 0),
(1041, 364, 3, 3),
(1042, 364, 9, 0),
(1043, 364, 12, 9),
(1044, 365, 2, 0),
(1045, 365, 3, 3),
(1046, 365, 9, 0),
(1047, 365, 12, 9),
(1048, 366, 2, 0),
(1049, 366, 3, 3),
(1050, 366, 9, 0),
(1051, 366, 12, 9),
(1052, 367, 2, 0),
(1053, 367, 3, 3),
(1054, 367, 9, 0),
(1055, 367, 12, 9),
(1056, 368, 2, 0),
(1057, 368, 3, 3),
(1058, 368, 9, 0),
(1059, 368, 12, 9),
(1060, 369, 2, 0),
(1061, 369, 3, 3),
(1062, 369, 9, 0),
(1063, 369, 12, 9),
(1064, 370, 2, 0),
(1065, 370, 3, 3),
(1066, 370, 9, 0),
(1067, 370, 12, 9),
(1068, 371, 2, 0),
(1069, 371, 3, 3),
(1070, 371, 9, 0),
(1071, 371, 12, 9),
(1072, 372, 2, 0),
(1073, 372, 3, 3),
(1074, 372, 9, 0),
(1075, 372, 12, 9),
(1076, 373, 2, 0),
(1077, 373, 3, 3),
(1078, 373, 9, 0),
(1079, 373, 12, 9),
(1080, 374, 2, 0),
(1081, 374, 3, 3),
(1082, 374, 9, 0),
(1083, 374, 12, 9),
(1084, 375, 2, 0),
(1085, 375, 3, 3),
(1086, 375, 9, 0),
(1087, 375, 12, 9),
(1088, 376, 2, 0),
(1089, 376, 3, 3),
(1090, 376, 9, 0),
(1091, 376, 12, 9),
(1092, 377, 2, 0),
(1093, 377, 3, 3),
(1094, 377, 9, 0),
(1095, 377, 12, 9),
(1096, 378, 2, 0),
(1097, 378, 3, 3),
(1098, 378, 9, 0),
(1099, 378, 12, 9),
(1100, 379, 2, 0),
(1101, 379, 3, 3),
(1102, 379, 9, 0),
(1103, 379, 12, 9),
(1104, 380, 2, 0),
(1105, 380, 3, 3),
(1106, 380, 9, 0),
(1107, 380, 12, 9),
(1108, 381, 2, 0),
(1109, 381, 3, 3),
(1110, 381, 9, 0),
(1111, 381, 12, 9),
(1112, 382, 2, 0),
(1113, 382, 3, 3),
(1114, 382, 9, 0),
(1115, 382, 12, 9),
(1116, 383, 2, 0),
(1117, 383, 3, 3),
(1118, 383, 9, 0),
(1119, 383, 12, 9),
(1120, 384, 2, 0),
(1121, 384, 3, 3),
(1122, 384, 9, 0),
(1123, 384, 12, 9),
(1124, 385, 2, 0),
(1125, 385, 3, 3),
(1126, 385, 9, 0),
(1127, 385, 12, 9),
(1128, 386, 2, 0),
(1129, 386, 3, 3),
(1130, 386, 9, 0),
(1131, 386, 12, 9),
(1132, 387, 2, 0),
(1133, 387, 3, 3),
(1134, 387, 9, 0),
(1135, 387, 12, 9),
(1136, 388, 2, 0),
(1137, 388, 3, 3),
(1138, 388, 9, 0),
(1139, 388, 12, 9),
(1140, 389, 2, 0),
(1141, 389, 3, 3),
(1142, 389, 9, 0),
(1143, 389, 12, 9),
(1144, 390, 2, 0),
(1145, 390, 3, 3),
(1146, 390, 9, 0),
(1147, 390, 12, 9),
(1148, 391, 2, 0),
(1149, 391, 3, 3),
(1150, 391, 9, 0),
(1151, 391, 12, 9),
(1152, 392, 2, 0),
(1153, 392, 3, 3),
(1154, 392, 9, 0),
(1155, 392, 12, 9),
(1156, 393, 2, 0),
(1157, 393, 3, 3),
(1158, 393, 9, 0),
(1159, 393, 12, 9),
(1160, 394, 2, 0),
(1161, 394, 3, 3),
(1162, 394, 9, 0),
(1163, 394, 12, 9),
(1164, 395, 2, 0),
(1165, 395, 3, 3),
(1166, 395, 9, 0),
(1167, 395, 12, 9),
(1168, 396, 2, 0),
(1169, 396, 3, 3),
(1170, 396, 9, 0),
(1171, 396, 12, 9),
(1172, 397, 2, 0),
(1173, 397, 3, 3),
(1174, 397, 9, 0),
(1175, 397, 12, 9),
(1176, 398, 2, 0),
(1177, 398, 3, 3),
(1178, 398, 9, 0),
(1179, 398, 12, 9),
(1180, 399, 2, 0),
(1181, 399, 3, 3),
(1182, 399, 9, 0),
(1183, 399, 12, 9),
(1184, 400, 2, 0),
(1185, 400, 3, 3),
(1186, 400, 9, 0),
(1187, 400, 12, 9),
(1188, 401, 2, 0),
(1189, 401, 3, 3),
(1190, 401, 9, 0),
(1191, 401, 12, 9),
(1192, 402, 2, 0),
(1193, 402, 3, 3),
(1194, 402, 9, 0),
(1195, 402, 12, 9),
(1196, 403, 2, 0),
(1197, 403, 3, 3),
(1198, 403, 9, 0),
(1199, 403, 12, 9),
(1200, 404, 2, 0),
(1201, 404, 3, 3),
(1202, 404, 9, 0),
(1203, 404, 12, 9),
(1204, 405, 2, 0),
(1205, 405, 3, 3),
(1206, 405, 9, 0),
(1207, 405, 12, 9),
(1208, 406, 2, 0),
(1209, 406, 3, 3),
(1210, 406, 9, 0),
(1211, 406, 12, 9),
(1212, 407, 2, 0),
(1213, 407, 3, 3),
(1214, 407, 9, 0),
(1215, 407, 12, 9),
(1216, 408, 2, 0),
(1217, 408, 3, 3),
(1218, 408, 9, 0),
(1219, 408, 12, 9),
(1220, 409, 2, 0),
(1221, 409, 3, 3),
(1222, 409, 9, 0),
(1223, 409, 12, 9),
(1224, 410, 2, 0),
(1225, 410, 3, 3),
(1226, 410, 9, 0),
(1227, 410, 12, 9),
(1228, 411, 2, 0),
(1229, 411, 3, 3),
(1230, 411, 9, 0),
(1231, 411, 12, 9),
(1232, 412, 2, 0),
(1233, 412, 3, 3),
(1234, 412, 9, 0),
(1235, 412, 12, 9),
(1236, 413, 2, 0),
(1237, 413, 3, 3),
(1238, 413, 9, 0),
(1239, 413, 12, 9),
(1240, 414, 2, 0),
(1241, 414, 3, 3),
(1242, 414, 9, 0),
(1243, 414, 12, 9),
(1244, 415, 2, 0),
(1245, 415, 3, 3),
(1246, 415, 9, 0),
(1247, 415, 12, 9),
(1248, 416, 2, 0),
(1249, 416, 3, 3),
(1250, 416, 9, 0),
(1251, 416, 12, 9),
(1252, 417, 2, 0),
(1253, 417, 3, 3),
(1254, 417, 9, 0),
(1255, 417, 12, 9),
(1256, 418, 2, 0),
(1257, 418, 3, 3),
(1258, 418, 9, 0),
(1259, 418, 12, 9),
(1260, 419, 2, 0),
(1261, 419, 3, 3),
(1262, 419, 9, 0),
(1263, 419, 12, 9),
(1264, 420, 2, 0),
(1265, 420, 3, 3),
(1266, 420, 9, 0),
(1267, 420, 12, 9),
(1268, 421, 2, 0),
(1269, 421, 3, 3),
(1270, 421, 9, 0),
(1271, 421, 12, 9),
(1272, 422, 2, 0),
(1273, 422, 3, 3),
(1274, 422, 9, 0),
(1275, 422, 12, 9),
(1276, 423, 2, 0),
(1277, 423, 3, 3),
(1278, 423, 9, 0),
(1279, 423, 12, 9),
(1280, 424, 2, 0),
(1281, 424, 3, 3),
(1282, 424, 9, 0),
(1283, 424, 12, 9),
(1284, 425, 2, 0),
(1285, 425, 3, 3),
(1286, 425, 9, 0),
(1287, 425, 12, 9),
(1288, 426, 2, 0),
(1289, 426, 3, 3),
(1290, 426, 9, 0),
(1291, 426, 12, 9),
(1292, 427, 2, 0),
(1293, 427, 3, 3),
(1294, 427, 9, 0),
(1295, 427, 12, 9),
(1296, 428, 2, 0),
(1297, 428, 3, 3),
(1298, 428, 9, 0),
(1299, 428, 12, 9),
(1300, 429, 2, 0),
(1301, 429, 3, 3),
(1302, 429, 9, 0),
(1303, 429, 12, 9),
(1304, 430, 2, 0),
(1305, 430, 3, 3),
(1306, 430, 9, 0),
(1307, 430, 12, 9),
(1308, 431, 2, 0),
(1309, 431, 3, 3),
(1310, 431, 9, 0),
(1311, 431, 12, 9),
(1312, 432, 2, 0),
(1313, 432, 3, 3),
(1314, 432, 9, 0),
(1315, 432, 12, 9),
(1316, 433, 2, 0),
(1317, 433, 3, 3),
(1318, 433, 9, 0),
(1319, 433, 12, 9),
(1320, 434, 2, 0),
(1321, 434, 3, 3),
(1322, 434, 9, 0),
(1323, 434, 12, 9),
(1324, 435, 2, 0),
(1325, 435, 3, 3),
(1326, 435, 9, 0),
(1327, 435, 12, 9),
(1328, 436, 2, 0),
(1329, 436, 3, 3),
(1330, 436, 9, 0),
(1331, 436, 12, 9),
(1332, 437, 2, 0),
(1333, 437, 3, 3),
(1334, 437, 9, 0),
(1335, 437, 12, 9),
(1336, 438, 2, 0),
(1337, 438, 3, 3),
(1338, 438, 9, 0),
(1339, 438, 12, 9),
(1340, 439, 2, 0),
(1341, 439, 3, 3),
(1342, 439, 9, 0),
(1343, 439, 12, 9),
(1344, 440, 2, 0),
(1345, 440, 3, 3),
(1346, 440, 9, 0),
(1347, 440, 12, 9),
(1348, 441, 2, 0),
(1349, 441, 3, 3),
(1350, 441, 9, 0),
(1351, 441, 12, 9),
(1352, 442, 2, 0),
(1353, 442, 3, 3),
(1354, 442, 9, 0),
(1355, 442, 12, 9),
(1356, 443, 2, 0),
(1357, 443, 3, 3),
(1358, 443, 9, 0),
(1359, 443, 12, 9),
(1360, 444, 2, 0),
(1361, 444, 3, 3),
(1362, 444, 9, 0),
(1363, 444, 12, 9),
(1364, 445, 2, 0),
(1365, 445, 3, 3),
(1366, 445, 9, 0),
(1367, 445, 12, 9),
(1368, 446, 2, 0),
(1369, 446, 3, 3),
(1370, 446, 9, 0),
(1371, 446, 12, 9),
(1372, 447, 2, 0),
(1373, 447, 3, 3),
(1374, 447, 9, 0),
(1375, 447, 12, 9),
(1376, 448, 2, 0),
(1377, 448, 3, 3),
(1378, 448, 9, 0),
(1379, 448, 12, 9),
(1380, 449, 2, 0),
(1381, 449, 3, 3),
(1382, 449, 9, 0),
(1383, 449, 12, 9),
(1384, 450, 2, 0),
(1385, 450, 3, 3),
(1386, 450, 9, 0),
(1387, 450, 12, 9),
(1388, 451, 2, 0),
(1389, 451, 3, 3),
(1390, 451, 9, 0),
(1391, 451, 12, 9),
(1392, 452, 2, 0),
(1393, 452, 3, 3),
(1394, 452, 9, 0),
(1395, 452, 12, 9),
(1396, 453, 2, 0),
(1397, 453, 3, 3),
(1398, 453, 9, 0),
(1399, 453, 12, 9),
(1400, 454, 2, 0),
(1401, 454, 3, 3),
(1402, 454, 9, 0),
(1403, 454, 12, 9),
(1404, 455, 2, 0),
(1405, 455, 3, 3),
(1406, 455, 9, 0),
(1407, 455, 12, 9),
(1408, 456, 2, 0),
(1409, 456, 3, 3),
(1410, 456, 9, 0),
(1411, 456, 12, 9),
(1412, 457, 2, 0),
(1413, 457, 3, 3),
(1414, 457, 9, 0),
(1415, 457, 12, 9),
(1416, 458, 2, 0),
(1417, 458, 3, 3),
(1418, 458, 9, 0),
(1419, 458, 12, 9),
(1420, 459, 2, 0),
(1421, 459, 3, 3),
(1422, 459, 9, 0),
(1423, 459, 12, 9),
(1424, 460, 2, 0),
(1425, 460, 3, 3),
(1426, 460, 9, 0),
(1427, 460, 12, 9),
(1428, 461, 2, 0),
(1429, 461, 3, 3),
(1430, 461, 9, 0),
(1431, 461, 12, 9),
(1432, 462, 2, 0),
(1433, 462, 3, 3),
(1434, 462, 9, 0),
(1435, 462, 12, 9),
(1436, 463, 2, 0),
(1437, 463, 3, 3),
(1438, 463, 9, 0),
(1439, 463, 12, 9),
(1440, 464, 2, 0),
(1441, 464, 3, 3),
(1442, 464, 9, 0),
(1443, 464, 12, 9),
(1444, 465, 2, 0),
(1445, 465, 3, 3),
(1446, 465, 9, 0),
(1447, 465, 12, 9),
(1448, 466, 2, 0),
(1449, 466, 3, 3),
(1450, 466, 9, 0),
(1451, 466, 12, 9),
(1452, 467, 2, 0),
(1453, 467, 3, 3),
(1454, 467, 9, 0),
(1455, 467, 12, 9),
(1456, 468, 2, 0),
(1457, 468, 3, 3),
(1458, 468, 9, 0),
(1459, 468, 12, 9),
(1460, 469, 2, 0),
(1461, 469, 3, 3),
(1462, 469, 9, 0),
(1463, 469, 12, 9),
(1464, 470, 2, 0),
(1465, 470, 3, 3),
(1466, 470, 9, 0),
(1467, 470, 12, 9),
(1468, 471, 2, 0),
(1469, 471, 3, 3),
(1470, 471, 9, 0),
(1471, 471, 12, 9),
(1472, 472, 2, 0),
(1473, 472, 3, 3),
(1474, 472, 9, 0),
(1475, 472, 12, 9),
(1476, 473, 2, 0),
(1477, 473, 3, 3),
(1478, 473, 9, 0),
(1479, 473, 12, 9),
(1480, 474, 2, 0),
(1481, 474, 3, 3),
(1482, 474, 9, 0),
(1483, 474, 12, 9),
(1484, 475, 2, 0),
(1485, 475, 3, 3),
(1486, 475, 9, 0),
(1487, 475, 12, 9),
(1488, 476, 2, 0),
(1489, 476, 3, 3),
(1490, 476, 9, 0),
(1491, 476, 12, 9),
(1492, 477, 2, 0),
(1493, 477, 3, 3),
(1494, 477, 9, 0),
(1495, 477, 12, 9),
(1496, 478, 2, 0),
(1497, 478, 3, 2),
(1498, 478, 9, 0),
(1499, 478, 12, 8),
(1500, 479, 2, 0),
(1501, 479, 3, 5),
(1502, 479, 9, 0),
(1503, 479, 12, 9),
(1504, 480, 2, 0),
(1505, 480, 3, 15),
(1506, 480, 9, 0),
(1507, 480, 12, 5),
(1508, 481, 2, 0),
(1509, 481, 3, 2),
(1510, 481, 9, 0),
(1511, 481, 12, 5),
(1512, 482, 2, 0),
(1513, 482, 3, 4),
(1514, 482, 9, 0),
(1515, 482, 12, 7),
(1516, 483, 2, 0),
(1517, 483, 3, 3),
(1518, 483, 9, 0),
(1519, 483, 12, 7),
(1520, 484, 2, 2),
(1521, 484, 3, 0),
(1522, 484, 9, 0),
(1523, 484, 12, 4),
(1524, 485, 2, 12),
(1525, 485, 3, 0),
(1526, 485, 9, 2),
(1527, 485, 12, 0),
(1528, 486, 31, 40),
(1529, 487, 20, 9),
(1530, 487, 21, 57),
(1531, 488, 20, 36),
(1532, 488, 21, 78),
(1533, 489, 20, 14),
(1534, 489, 21, 11),
(1535, 490, 22, 10),
(1536, 490, 23, 10),
(1537, 490, 28, 10),
(1538, 491, 20, 2),
(1539, 491, 21, 0),
(1540, 492, 20, 7),
(1541, 492, 21, 9),
(1542, 493, 20, 9),
(1543, 493, 21, 10),
(1544, 494, 20, 8),
(1545, 494, 21, 10),
(1546, 495, 20, 35),
(1547, 495, 21, 0),
(1548, 496, 31, 28),
(1549, 497, 31, 60),
(1550, 498, 29, 8),
(1551, 498, 30, 97),
(1552, 499, 29, 0),
(1553, 499, 30, 10),
(1554, 500, 32, 50),
(1555, 500, 33, 101),
(1556, 501, 32, 50),
(1557, 501, 33, 101),
(1558, 502, 32, 50),
(1559, 502, 33, 101),
(1560, 503, 32, 50),
(1561, 503, 33, 101),
(1562, 504, 32, 70),
(1563, 504, 33, 114),
(1564, 505, 20, 10),
(1565, 505, 21, 110),
(1566, 506, 20, 12533),
(1567, 506, 21, 1423),
(1568, 507, 22, 11),
(1569, 507, 23, 8),
(1570, 507, 28, 8),
(1571, 508, 22, 11),
(1572, 508, 23, 3),
(1573, 508, 28, 2),
(1574, 509, 20, 10),
(1575, 509, 21, 10),
(1576, 510, 31, 120),
(1577, 511, 20, 2988),
(1578, 511, 21, 4489),
(1579, 512, 20, 99),
(1580, 512, 21, 53),
(1581, 513, 20, 43),
(1582, 513, 21, 33),
(1583, 514, 29, 21),
(1584, 514, 30, 90),
(1585, 515, 29, 102),
(1586, 515, 30, 35),
(1587, 516, 29, 0),
(1588, 516, 30, 0),
(1589, 517, 29, 10),
(1590, 517, 30, 100),
(1591, 517, 34, 126),
(1592, 518, 29, 1000),
(1593, 518, 30, 100),
(1594, 518, 34, 10),
(1595, 519, 29, 10),
(1596, 519, 30, 112),
(1597, 519, 34, 53),
(1598, 520, 22, 10),
(1599, 520, 23, 100),
(1600, 520, 28, 127),
(1601, 521, 20, 22),
(1602, 521, 21, 3),
(1603, 522, 20, 5),
(1604, 522, 21, 7),
(1605, 523, 20, 2),
(1606, 523, 21, 8),
(1607, 524, 20, 11),
(1608, 524, 21, 0),
(1609, 525, 20, 0),
(1610, 525, 21, 7),
(1611, 526, 20, 5),
(1612, 526, 21, 5),
(1613, 527, 20, 7),
(1614, 527, 21, 7),
(1615, 528, 20, 9),
(1616, 528, 21, 11),
(1617, 529, 20, 0),
(1618, 529, 21, 9),
(1619, 530, 20, 0),
(1620, 530, 21, 30),
(1621, 531, 20, 9),
(1622, 531, 21, 11),
(1623, 532, 20, 9),
(1624, 532, 21, 0),
(1625, 533, 20, 20),
(1626, 533, 21, 15),
(1627, 533, 35, 10),
(1628, 533, 36, 5),
(1629, 534, 20, 4),
(1630, 534, 21, 199),
(1631, 534, 35, 127),
(1632, 534, 36, 46),
(1633, 535, 20, 2),
(1634, 535, 21, 2),
(1635, 535, 35, 2),
(1636, 535, 36, 13),
(1637, 536, 20, 0),
(1638, 536, 21, 0),
(1639, 536, 35, 8),
(1640, 536, 36, 0),
(1641, 537, 20, 10),
(1642, 537, 21, 0),
(1643, 537, 35, 9),
(1644, 537, 36, 0),
(1645, 538, 20, 0),
(1646, 538, 21, 10),
(1647, 538, 35, 0),
(1648, 538, 36, 0),
(1649, 539, 20, 0),
(1650, 539, 21, 0),
(1651, 539, 35, 0),
(1652, 539, 36, 10),
(1653, 540, 20, 0),
(1654, 540, 21, 0),
(1655, 540, 35, 0),
(1656, 540, 36, 11),
(1657, 541, 20, 0),
(1658, 541, 21, 75),
(1659, 541, 35, 0),
(1660, 541, 36, 0),
(1661, 542, 20, 0),
(1662, 542, 21, 9),
(1663, 542, 35, 18),
(1664, 542, 36, 0),
(1665, 543, 20, 7),
(1666, 543, 21, 7),
(1667, 543, 35, 0),
(1668, 543, 36, 0),
(1669, 544, 20, 0),
(1670, 545, 20, 0),
(1671, 544, 21, 0),
(1672, 545, 21, 773),
(1673, 544, 35, 2572),
(1674, 545, 35, 9),
(1675, 544, 36, 0),
(1676, 545, 36, 0),
(1677, 546, 20, 0),
(1678, 546, 21, 10),
(1679, 546, 35, 0),
(1680, 546, 36, 0),
(1681, 547, 20, 0),
(1682, 547, 21, 0),
(1683, 547, 35, 10),
(1684, 547, 36, 0),
(1685, 548, 20, 0),
(1686, 548, 21, 0),
(1687, 548, 35, 8),
(1688, 548, 36, 0),
(1689, 549, 20, 0),
(1690, 549, 21, 0),
(1691, 549, 35, 0),
(1692, 549, 36, 0),
(1693, 550, 20, 0),
(1694, 550, 21, 0),
(1695, 550, 35, 0),
(1696, 550, 36, 0),
(1697, 551, 20, 72),
(1698, 551, 21, 0),
(1699, 551, 35, 0),
(1700, 551, 36, 100),
(1701, 552, 20, 7),
(1702, 552, 21, 1),
(1703, 552, 35, 1),
(1704, 552, 36, 2),
(1705, 553, 20, 16),
(1706, 553, 21, 10),
(1707, 553, 35, 30),
(1708, 553, 36, 19),
(1709, 554, 20, 22),
(1710, 554, 21, 0),
(1711, 554, 35, 0),
(1712, 554, 36, 0),
(1713, 555, 20, 119),
(1714, 555, 21, 9),
(1715, 555, 35, 944),
(1716, 555, 36, 1000),
(1717, 556, 20, 11),
(1718, 556, 21, 0),
(1719, 556, 35, 8),
(1720, 556, 36, 10),
(1721, 557, 20, 0),
(1722, 557, 21, 0),
(1723, 557, 35, 0),
(1724, 557, 36, 0),
(1725, 558, 20, 0),
(1726, 558, 21, 16),
(1727, 558, 35, 9),
(1728, 558, 36, 0),
(1729, 559, 20, 0),
(1730, 559, 21, 0),
(1731, 559, 35, 0),
(1732, 559, 36, 0),
(1733, 560, 20, 0),
(1734, 560, 21, 0),
(1735, 560, 35, 10),
(1736, 560, 36, 0),
(1737, 561, 20, 0),
(1738, 561, 21, 0),
(1739, 561, 35, 8),
(1740, 561, 36, 0),
(1741, 562, 20, 0),
(1742, 562, 21, 0),
(1743, 562, 35, 0),
(1744, 562, 36, 0),
(1745, 563, 20, 0),
(1746, 563, 21, 0),
(1747, 563, 35, 0),
(1748, 563, 36, 0),
(1749, 564, 20, 0),
(1750, 564, 21, 0),
(1751, 564, 35, 8),
(1752, 564, 36, 0),
(1753, 565, 37, 73),
(1754, 566, 37, 5),
(1755, 566, 38, 9),
(1756, 567, 37, 16),
(1757, 567, 38, 84),
(1758, 568, 37, 11),
(1759, 568, 38, 36),
(1760, 569, 37, 8),
(1761, 569, 38, 0),
(1762, 570, 37, 11),
(1763, 570, 38, 34),
(1764, 571, 37, 3),
(1765, 571, 38, 9),
(1766, 572, 37, 0),
(1767, 572, 38, 419),
(1768, 573, 37, 8),
(1769, 573, 38, 7),
(1770, 574, 37, 1),
(1771, 574, 38, 2),
(1772, 574, 39, 3),
(1773, 574, 40, 4),
(1774, 574, 41, 5),
(1775, 574, 42, 6),
(1776, 575, 37, 0),
(1777, 575, 38, 0),
(1778, 575, 39, 0),
(1779, 575, 40, 0),
(1780, 575, 41, 0),
(1781, 575, 42, 9),
(1782, 576, 37, 138),
(1783, 576, 38, 113),
(1784, 576, 39, 12),
(1785, 576, 40, 10),
(1786, 576, 41, 12),
(1787, 576, 42, 12),
(1788, 577, 37, 0),
(1789, 577, 38, 0),
(1790, 577, 39, 0),
(1791, 577, 40, 0),
(1792, 577, 41, 9),
(1793, 577, 42, 0),
(1794, 578, 37, 6),
(1795, 578, 38, 5),
(1796, 578, 39, 8),
(1797, 578, 40, 4),
(1798, 578, 41, 16),
(1799, 578, 42, 6),
(1800, 579, 37, 0),
(1801, 579, 38, 0),
(1802, 579, 39, 0),
(1803, 579, 40, 0),
(1804, 579, 41, 11),
(1805, 579, 42, 0),
(1806, 580, 37, 0),
(1807, 580, 38, 8),
(1808, 580, 39, 0),
(1809, 580, 40, 8),
(1810, 580, 41, 0),
(1811, 580, 42, 8),
(1812, 581, 37, 0),
(1813, 581, 38, 0),
(1814, 581, 39, 310),
(1815, 581, 40, 0),
(1816, 581, 41, 0),
(1817, 581, 42, 0),
(1818, 582, 37, 0),
(1819, 582, 38, 0),
(1820, 582, 39, 3),
(1821, 582, 40, 23),
(1822, 582, 41, 0),
(1823, 582, 42, 0),
(1824, 583, 37, 10),
(1825, 583, 38, 0),
(1826, 583, 39, 0),
(1827, 583, 40, 0),
(1828, 583, 41, 49),
(1829, 583, 42, 0),
(1830, 584, 37, 20),
(1831, 584, 38, 10),
(1832, 584, 39, 20),
(1833, 584, 40, 10),
(1834, 584, 41, 20),
(1835, 584, 42, 10),
(1836, 585, 2, 0),
(1837, 585, 3, 6),
(1838, 585, 9, 2),
(1839, 585, 12, 4),
(1840, 586, 5, 143),
(1841, 587, 37, 0),
(1842, 587, 38, 0),
(1843, 587, 39, 0),
(1844, 587, 40, 0),
(1845, 587, 41, 0),
(1846, 587, 42, 10),
(1847, 588, 37, 0),
(1848, 588, 38, 0),
(1849, 588, 39, 0),
(1850, 588, 40, 18),
(1851, 588, 41, 0),
(1852, 588, 42, 0),
(1853, 589, 37, 8),
(1854, 589, 38, 0),
(1855, 589, 39, 0),
(1856, 589, 40, 0),
(1857, 589, 41, 0),
(1858, 589, 42, 0),
(1859, 590, 37, 0),
(1860, 590, 38, 0),
(1861, 590, 39, 10),
(1862, 590, 40, 0),
(1863, 590, 41, 0),
(1864, 590, 42, 0),
(1865, 591, 37, 0),
(1866, 591, 38, 0),
(1867, 591, 39, 10),
(1868, 591, 40, 0),
(1869, 591, 41, 0),
(1870, 591, 42, 0),
(1871, 592, 37, 0),
(1872, 592, 38, 0),
(1873, 592, 42, 7),
(1874, 593, 37, 0),
(1875, 593, 38, 11),
(1876, 593, 39, 0),
(1877, 593, 40, 0),
(1878, 593, 41, 0),
(1879, 593, 42, 0),
(1880, 594, 37, 0),
(1881, 594, 38, 0),
(1882, 594, 39, 0),
(1883, 594, 40, 10),
(1884, 594, 41, 0),
(1885, 594, 42, 0),
(1886, 595, 37, 0),
(1887, 595, 38, 0),
(1888, 595, 39, 0),
(1889, 595, 40, 12),
(1890, 595, 41, 12),
(1891, 595, 42, 17),
(1892, 596, 37, 22),
(1893, 596, 38, 0),
(1894, 596, 39, 8),
(1895, 596, 40, 0),
(1896, 596, 41, 0),
(1897, 596, 42, 0),
(1898, 597, 37, 0),
(1899, 597, 38, 0),
(1900, 597, 39, 0),
(1901, 597, 40, 11),
(1902, 597, 41, 0),
(1903, 597, 42, 0),
(1904, 598, 37, 0),
(1905, 598, 38, 11),
(1906, 598, 39, 0),
(1907, 598, 40, 0),
(1908, 598, 41, 12),
(1909, 598, 42, 0),
(1910, 599, 37, 0),
(1911, 599, 38, 0),
(1912, 599, 39, 0),
(1913, 599, 40, 0),
(1914, 599, 41, 0),
(1915, 599, 42, 580),
(1916, 600, 37, 0),
(1917, 600, 38, 0),
(1918, 600, 39, 0),
(1919, 600, 40, 0),
(1920, 600, 41, 10),
(1921, 600, 42, 0),
(1922, 601, 2, 5),
(1923, 601, 3, 10),
(1924, 601, 9, 2),
(1925, 601, 12, 10),
(1926, 602, 2, 3),
(1927, 602, 3, 7),
(1928, 602, 9, 1),
(1929, 602, 12, 10),
(1930, 603, 2, 3),
(1931, 603, 3, 11),
(1932, 603, 9, 6),
(1933, 603, 12, 2),
(1934, 604, 2, 3),
(1935, 604, 3, 11),
(1936, 604, 9, 1),
(1937, 604, 12, 6),
(1938, 605, 2, 2),
(1939, 605, 3, 2),
(1940, 605, 9, 4),
(1941, 605, 12, 17),
(1942, 606, 2, 10),
(1943, 606, 3, 20),
(1944, 606, 9, 30),
(1945, 606, 12, 2),
(1946, 607, 2, 8),
(1947, 607, 3, 12),
(1948, 607, 9, 11),
(1949, 607, 12, 2),
(1950, 608, 2, 17),
(1951, 608, 3, 6),
(1952, 608, 9, 26),
(1953, 608, 12, 46),
(1954, 609, 2, 3),
(1955, 609, 3, 7),
(1956, 609, 9, 10),
(1957, 609, 12, 17);

-- --------------------------------------------------------

--
-- Estructura de tabla para la tabla `clients`
--

CREATE TABLE `clients` (
  `id_client` int(11) UNSIGNED NOT NULL,
  `name` varchar(255) DEFAULT NULL,
  `street` varchar(255) DEFAULT NULL,
  `ext_num` varchar(255) DEFAULT NULL,
  `int_num` varchar(255) DEFAULT NULL,
  `colony` varchar(255) DEFAULT NULL,
  `cp` varchar(6) DEFAULT NULL,
  `municipality` varchar(255) DEFAULT NULL,
  `state` varchar(255) DEFAULT NULL,
  `created_on` int(11) NOT NULL,
  `active` tinyint(1) NOT NULL DEFAULT '1'
) ENGINE=InnoDB DEFAULT CHARSET=latin1;

--
-- Volcado de datos para la tabla `clients`
--

INSERT INTO `clients` (`id_client`, `name`, `street`, `ext_num`, `int_num`, `colony`, `cp`, `municipality`, `state`, `created_on`, `active`) VALUES
(1, 'Siemens', 'Demo', '20', '', 'Demo', '55001', 'Demo', 'México', 1533592190, 1),
(2, 'Bosch', NULL, NULL, NULL, NULL, NULL, NULL, NULL, 1533592190, 1),
(3, 'ElRingKlinger', 'exportec 2', '1', '1', 'aeropuerto', '525254', 'Toluca ', 'México', 1540245913, 1),
(4, 'Planta 1', 'Tollocan', '123', '123', 'Toluca', '5245', 'Toluca', 'México', 1540853481, 1),
(5, 'Bosch P.', 'Tollocan', '123', '123', 'Toluca', '5432', 'Toluca', 'México', 1540942316, 1),
(6, 'Valeo', 'Tollocan', '456', '34', 'Aeropuerto', '52', 'Aeropuerto', 'México', 1541023787, 1),
(7, 'GM', 'Tollocan ', '315', '8', 'centro', '50120', 'tolu', 'México', 1541025658, 1),
(8, 'Bosch Cuautitlan', 'San Rafael Lerma', '2', '1', 'Toluca', '52999', 'Toluca', 'México', 1544550581, 1);

-- --------------------------------------------------------

--
-- Estructura de tabla para la tabla `clients_has_contacts`
--

CREATE TABLE `clients_has_contacts` (
  `id_contact` int(11) UNSIGNED NOT NULL,
  `id_client` int(11) UNSIGNED NOT NULL
) ENGINE=InnoDB DEFAULT CHARSET=utf8;

--
-- Volcado de datos para la tabla `clients_has_contacts`
--

INSERT INTO `clients_has_contacts` (`id_contact`, `id_client`) VALUES
(9, 1),
(10, 3),
(12, 1),
(14, 2),
(16, 4),
(17, 3),
(18, 5),
(21, 5),
(22, 6),
(24, 7),
(27, 1),
(28, 8);

-- --------------------------------------------------------

--
-- Estructura de tabla para la tabla `failures`
--

CREATE TABLE `failures` (
  `id_failure` int(11) UNSIGNED NOT NULL,
  `id_htc` int(11) UNSIGNED NOT NULL,
  `image` varchar(255) DEFAULT NULL,
  `description` varchar(255) DEFAULT NULL,
  `created_on` int(11) DEFAULT NULL,
  `active` tinyint(1) NOT NULL DEFAULT '1'
) ENGINE=InnoDB DEFAULT CHARSET=latin1;

--
-- Volcado de datos para la tabla `failures`
--

INSERT INTO `failures` (`id_failure`, `id_htc`, `image`, `description`, `created_on`, `active`) VALUES
(1, 1, '361.jpg', 'demo1', 1535062151, 1),
(2, 2, '363.jpg', 'gastada', 1535147032, 1),
(3, 2, '1535148145.jpg', 'cabezal', 1535148155, 1),
(4, 3, '', 'BARRENO TAPADO', 1535570742, 1),
(5, 4, '', 'desgaste', 1535654811, 1),
(6, 5, '363.jpg', 'volado', 1535657278, 1),
(7, 5, '3.jpg', 'roto', 1535657291, 1),
(8, 5, 'golpe_tornillo.jpg', 'deforme', 1535657307, 1),
(9, 2, 'tornillo_standar_panelrey2.jpg', 'recubrimiento', 1539636452, 1),
(10, 6, '', 'oxido', 1540311412, 1),
(11, 7, '361.jpg', 'golpes', 1540313972, 1),
(12, 2, '1-112.jpg', 'Rebaba', 1540570161, 1),
(13, 1, '1-112.jpg', 'Arbol', 1540578519, 1),
(14, 2, '', 'prueba', 1540592162, 0),
(15, 10, 'fisuras1.jpg', 'Fisura', 1540853615, 1),
(16, 11, 'tornillo_standar_panelrey2.jpg', 'Tono', 1540854466, 1),
(17, 11, 'pieza_rota.jpg', 'Diametro', 1540913861, 1),
(18, 8, 'resorte.jpg', 'golpes', 1540914853, 1),
(19, 10, '362.jpg', 'Oxido', 1540916599, 1),
(20, 12, 'resorte.jpg', 'Tono', 1540942762, 1),
(21, 12, '156_7a.jpg', 'Golpe', 1540942773, 1),
(22, 13, '1.jpg', 'cable', 1540942890, 1),
(23, 13, '3.jpg', 'teclado', 1540942904, 1),
(24, 14, 'resorte.jpg', 'golpe', 1541024598, 1),
(25, 15, 'pieza_rota.jpg', 'DESGASTE', 1541026095, 1),
(26, 16, '', 'prueba', 1541089506, 1),
(27, 17, 'barreno.jpg', 'barreno tapado', 1541176654, 1),
(28, 13, 'pieza_rota.jpg', 'Engrane', 1541458286, 1),
(29, 18, '1-112.jpg', 'Oxido', 1541458601, 1),
(30, 18, 'pieza_rota1.jpg', 'desgaste', 1541458968, 1),
(31, 19, 'golpe_tornillo.jpg', 'Gauge', 1541461444, 1),
(32, 20, 'fisuras1_(1).jpg', 'fisura', 1541626084, 1),
(33, 20, 'fisuras5.jpg', 'rebaba', 1541626102, 1),
(34, 18, 'golpe_tornillo.jpg', 'rebabas', 1541792366, 1),
(35, 12, 'fisuras1_(1).jpg', 'FISURA', 1542319616, 1),
(36, 12, '363.jpg', 'OXIDO', 1542319635, 1),
(37, 21, 'ruido.jpg', 'ruido', 1544551122, 1),
(38, 21, '363.jpg', 'Oxido', 1544551645, 1),
(39, 21, '1-112.jpg', 'diametro', 1546542653, 1),
(40, 21, '156_7a.jpg', 'tono', 1546542666, 1),
(41, 21, 'barreno.jpg', 'material mezclado', 1546542674, 1),
(42, 21, 'fisuras1_(1).jpg', 'fisura', 1546542684, 1),
(43, 21, '', 'lfefk', 1546542692, 0),
(44, 21, '', 'jef', 1546542707, 0),
(45, 21, '', 'ldj', 1546542715, 0),
(46, 21, '', 'kfk', 1546542723, 0);

-- --------------------------------------------------------

--
-- Estructura de tabla para la tabla `groups`
--

CREATE TABLE `groups` (
  `id` mediumint(8) UNSIGNED NOT NULL,
  `name` varchar(20) NOT NULL,
  `description` varchar(100) NOT NULL
) ENGINE=InnoDB DEFAULT CHARSET=utf8;

--
-- Volcado de datos para la tabla `groups`
--

INSERT INTO `groups` (`id`, `name`, `description`) VALUES
(1, 'admin', 'Administrador'),
(2, 'operators', 'Operadores'),
(3, 'clients', 'Clientes');

-- --------------------------------------------------------

--
-- Estructura de tabla para la tabla `htcs`
--

CREATE TABLE `htcs` (
  `id_htc` int(11) UNSIGNED NOT NULL,
  `id_client` int(11) UNSIGNED NOT NULL,
  `id_provider` int(11) UNSIGNED NOT NULL,
  `code` varchar(255) DEFAULT NULL,
  `part_number` bigint(25) DEFAULT NULL,
  `created_on` int(11) DEFAULT NULL,
  `active` tinyint(1) NOT NULL DEFAULT '1'
) ENGINE=InnoDB DEFAULT CHARSET=latin1;

--
-- Volcado de datos para la tabla `htcs`
--

INSERT INTO `htcs` (`id_htc`, `id_client`, `id_provider`, `code`, `part_number`, `created_on`, `active`) VALUES
(1, 2, 2, '123456', 12345678912, 1535050084, 1),
(2, 1, 1, '20181234569', 12, 1535146956, 1),
(3, 1, 1, 'eje', 62630999, 1535570631, 1),
(4, 1, 1, '2018123456', 2147483656, 1535654728, 1),
(5, 1, 1, '222', 99999, 1535657251, 1),
(6, 3, 3, '12345', 3260499210, 1540310547, 1),
(7, 3, 3, '123456', 3260499211, 1540313847, 1),
(8, 3, 3, '123322', 3260499212, 1540842457, 1),
(9, 1, 1, '4567', 2147483647, 1540842499, 1),
(10, 4, 5, '123322', 3260500210, 1540853539, 1),
(11, 4, 5, '123322', 3260500211, 1540854417, 1),
(12, 5, 6, 'No.1', 3260500101, 1540942719, 1),
(13, 5, 7, 'No. 2', 3260500102, 1540942858, 1),
(14, 6, 8, '1', 1465378926, 1541024494, 1),
(15, 7, 9, '2', 3456789012, 1541025996, 1),
(16, 3, 5, '65465312', 5487230, 1541089409, 1),
(17, 7, 9, '3', 3456789013, 1541176563, 1),
(18, 5, 7, '35', 3260499222, 1541458331, 1),
(19, 5, 7, '456', 3260499333, 1541461401, 1),
(20, 5, 7, '34', 3266668798, 1541625936, 1),
(21, 8, 11, '007', 390200316413, 1544550753, 1);

-- --------------------------------------------------------

--
-- Estructura de tabla para la tabla `login_attempts`
--

CREATE TABLE `login_attempts` (
  `id` int(11) UNSIGNED NOT NULL,
  `ip_address` varchar(15) NOT NULL,
  `login` varchar(100) NOT NULL,
  `time` int(11) UNSIGNED DEFAULT NULL
) ENGINE=InnoDB DEFAULT CHARSET=utf8;

-- --------------------------------------------------------

--
-- Estructura de tabla para la tabla `lots`
--

CREATE TABLE `lots` (
  `id_lot` int(11) UNSIGNED NOT NULL,
  `id_client` int(11) UNSIGNED NOT NULL,
  `id_plant` int(10) UNSIGNED NOT NULL,
  `code` varchar(255) DEFAULT NULL,
  `part_number` int(11) DEFAULT NULL,
  `created_on` int(11) DEFAULT NULL,
  `active` tinyint(1) NOT NULL DEFAULT '1'
) ENGINE=InnoDB DEFAULT CHARSET=latin1;

-- --------------------------------------------------------

--
-- Estructura de tabla para la tabla `providers`
--

CREATE TABLE `providers` (
  `id_provider` int(11) UNSIGNED NOT NULL,
  `name` varchar(255) DEFAULT NULL,
  `service_number` varchar(255) DEFAULT NULL,
  `created_on` int(11) NOT NULL,
  `active` tinyint(1) NOT NULL DEFAULT '1'
) ENGINE=InnoDB DEFAULT CHARSET=latin1;

--
-- Volcado de datos para la tabla `providers`
--

INSERT INTO `providers` (`id_provider`, `name`, `service_number`, `created_on`, `active`) VALUES
(1, 'Siemens México', '12', 1533592058, 1),
(2, 'Bosch México', '2', 1533592058, 1),
(3, 'ElRingKlinger', '03', 1540245745, 1),
(4, 'Elring Klinger2', '04', 1540836006, 1),
(5, 'Proveedor1', '001', 1540853394, 1),
(6, 'Dynacast', '12345', 1540942488, 1),
(7, 'Wontae', '12346', 1540942548, 1),
(8, 'Piston', '100', 1541024214, 1),
(9, 'ABC QUERETARO', '10', 1541025938, 1),
(10, 'proveedor984', '801', 1541089571, 1),
(11, 'Cuautitlan', '001', 1544550710, 1);

-- --------------------------------------------------------

--
-- Estructura de tabla para la tabla `turns`
--

CREATE TABLE `turns` (
  `id_turn` int(11) UNSIGNED NOT NULL,
  `name` varchar(255) DEFAULT NULL,
  `description` text,
  `time_start` time DEFAULT NULL,
  `time_end` time DEFAULT NULL,
  `created_on` int(11) NOT NULL,
  `active` tinyint(1) NOT NULL DEFAULT '1'
) ENGINE=InnoDB DEFAULT CHARSET=latin1;

--
-- Volcado de datos para la tabla `turns`
--

INSERT INTO `turns` (`id_turn`, `name`, `description`, `time_start`, `time_end`, `created_on`, `active`) VALUES
(1, 'Matutino', 'Horario de 7 a 15', '07:00:00', '15:00:00', 1533621762, 1),
(2, 'Vespertino', 'Horario de 15 a 23', '15:00:00', '23:00:00', 1533621808, 1),
(3, 'Nocturno', 'Horario de 23 a 7', '23:00:00', '07:00:00', 1533621838, 1),
(4, 'Vespertino', '10:00 hrs. - 17:00 hrs.', '10:00:00', '17:00:00', 1540916175, 0),
(5, 'matutino', 'esto es una prueba', '08:45:00', '21:45:00', 1541090584, 1);

-- --------------------------------------------------------

--
-- Estructura de tabla para la tabla `users`
--

CREATE TABLE `users` (
  `id` int(11) UNSIGNED NOT NULL,
  `ip_address` varchar(45) NOT NULL,
  `username` varchar(100) DEFAULT NULL,
  `password` varchar(255) NOT NULL,
  `salt` varchar(255) DEFAULT NULL,
  `email` varchar(100) NOT NULL,
  `activation_code` varchar(40) DEFAULT NULL,
  `forgotten_password_code` varchar(40) DEFAULT NULL,
  `forgotten_password_time` int(11) UNSIGNED DEFAULT NULL,
  `remember_code` varchar(40) DEFAULT NULL,
  `created_on` int(11) UNSIGNED NOT NULL,
  `last_login` int(11) UNSIGNED DEFAULT NULL,
  `active` tinyint(1) UNSIGNED DEFAULT NULL,
  `first_name` varchar(50) DEFAULT NULL,
  `last_name` varchar(50) DEFAULT NULL,
  `last_name_2` varchar(45) DEFAULT NULL,
  `company` varchar(100) DEFAULT NULL,
  `phone` varchar(20) DEFAULT NULL,
  `id_plant` int(10) UNSIGNED DEFAULT NULL,
  `id_turn` int(10) UNSIGNED DEFAULT NULL,
  `id_area` int(10) UNSIGNED DEFAULT NULL
) ENGINE=InnoDB DEFAULT CHARSET=utf8;

--
-- Volcado de datos para la tabla `users`
--

INSERT INTO `users` (`id`, `ip_address`, `username`, `password`, `salt`, `email`, `activation_code`, `forgotten_password_code`, `forgotten_password_time`, `remember_code`, `created_on`, `last_login`, `active`, `first_name`, `last_name`, `last_name_2`, `company`, `phone`, `id_plant`, `id_turn`, `id_area`) VALUES
(1, '127.0.0.1', 'admin', '$2a$07$SeBknntpZror9uyftVopmu61qg0ms8Qv1yV6FG.kQOSM.9QhmTo36', '', 'admin@admin.com', '', NULL, NULL, '0Qz2xPzhfx/2V8Xwtpc.ae', 1268889823, 1547961546, 1, 'Admin', 'istrator', 'Gral', 'ADMIN', '0', NULL, NULL, NULL),
(2, '127.0.0.1', '210148', '$2y$08$9fD1aol6dcYAsH0MxIq3Jen3aT2l4ajV3XntIPcFEzPgVAzGWhobC', '', 'operador@milmanos.com', '', NULL, NULL, NULL, 1531865578, 1547577708, 1, 'Leonardo', 'Luna', '', 'Mil Manos', '2222101010', 1, 2, 1),
(3, '127.0.0.1', 'leonardo', '$2y$08$I6wmMRbyvf5jLXsrDsibUOtc27HaeEmhjc7.FuPvOKUI5zWMV/lRi', '', 'leonardo@milmanos.com', '', NULL, NULL, NULL, 1531865578, 1531865578, 1, 'Leonardo', 'Luna', '', 'Mil Manos', '2222101010', 1, 2, 1),
(4, '127.0.0.1', 'fernando', '$2a$07$SeBknntpZror9uyftVopmu61qg0ms8Qv1yV6FG.kQOSM.9QhmTo36', '', 'fernando@milmanos.com', '', NULL, NULL, NULL, 1532016918, 0, 1, 'Leonardo', 'Luna', NULL, 'Mil Manos', '2222101010', 2, 2, 1),
(5, '127.0.0.1', 'rose', '$2a$07$SeBknntpZror9uyftVopmu61qg0ms8Qv1yV6FG.kQOSM.9QhmTo36', '', 'rose@milmanos.com', '', NULL, NULL, NULL, 1532016960, 0, 1, 'Rose', 'De Luna', '', 'Mil Manos', '2222101010', 2, 2, 1),
(6, '177.228.12.6', '987', '$2y$08$kM1eE2JIU.ExsdJMmCDlzO2gDm3h2yEifhVcPGxgVzg27WHaqNRYO', NULL, 'franciscorolon@gmail.com', NULL, NULL, NULL, NULL, 1532638900, 1540923152, 1, 'Francisco', 'Rolon', 'Romero', NULL, '2222101010', 2, 3, 2),
(7, '187.235.117.241', 'frank_demo', '$2y$08$gfgbw0l.eDZqeFF/guiCaeWRDJeL1RLhEvtFFt0InN89k//9YE4i6', NULL, 'demo@demo.com', NULL, NULL, NULL, NULL, 1539805088, NULL, 1, 'Frank', 'franco', 'franco', NULL, '2222101010', NULL, NULL, NULL),
(8, '187.235.117.241', NULL, '0', NULL, '', NULL, NULL, NULL, NULL, 1539805092, NULL, 0, NULL, NULL, NULL, NULL, NULL, NULL, NULL, NULL),
(9, '187.235.117.241', 'frank_rolon', '$2y$08$/Xh92Hy5d1ZsMGy82OAtvOGtVfbcE93C.qaz3gwJqvNvObmFhacJi', NULL, 'frank@demo.com', NULL, NULL, NULL, NULL, 1539805980, 1547419094, 1, 'frank', 'demo', 'demo', NULL, '2222101010', NULL, NULL, NULL),
(10, '187.190.153.239', 'Brenda Yu ', '$2y$08$QGjTxS.jKW9XCSfHhr7MR.z.jHZK7oFQTKtIgt8yIAIOsju3ydCuW', NULL, 'brenda.camachoh@hotmail.com', NULL, NULL, NULL, NULL, 1540246014, 1541177499, 1, 'Brenda ', 'Yu', '', NULL, '2222101010', NULL, NULL, NULL),
(11, '187.190.153.239', '30001', '$2y$08$C2MoB6MmLLo1GcpwgU3VTenZltHHNEV5qJ9NcdnM7m8f.vnix6Pk2', NULL, '', NULL, NULL, NULL, NULL, 1540309786, 1541178608, 1, 'Raul', 'Torres', '', NULL, '', 3, 2, 2),
(12, '187.190.21.50', 'rro', '$2y$08$OCsbR6IfmW1opS0ixwwMp.oteu2jfkdzwlHxNSPOZ2i6J1sD3QM6W', NULL, 'ortiz@net.com', NULL, NULL, NULL, NULL, 1540571340, 1541089119, 1, 'Roberto', 'Ruiz', 'Ortiz', NULL, '2221547832', NULL, NULL, NULL),
(13, '187.190.21.50', 'Prueba4', '$2y$08$6vE3Ryy4rWexHeCGybI7FePb5M3ACixDzx4ZpB0lWLNrBIYfUjdzu', NULL, 'juan@lerco.net', NULL, NULL, NULL, NULL, 1540592267, NULL, 1, 'Juan', 'Palacios', 'Baez', NULL, '65464', 3, 1, 1),
(14, '187.190.21.50', 'prueba', '$2y$08$GvBmOy5JdIclLbJcjgV4pue85.CBQFwVRMDWeGb/yIk7FmPGainfu', NULL, 'prueba@hotmail.com', NULL, NULL, NULL, NULL, 1540592961, 1540592986, 1, 'Prueba', 'prueba2', 'prueba3', NULL, '', NULL, NULL, NULL),
(15, '187.190.153.239', '6789', '$2y$08$QVI0G/tmpUcMxO1aP8536edFdlmq980P9Ek0S./bLGni5Fpcnt7ga', NULL, 'brenda@yu', NULL, NULL, NULL, NULL, 1540853769, 1540940291, 1, 'Brenda', 'Yu', '', NULL, '722123456', 4, 2, 3),
(16, '187.190.153.239', 'armando1', '$2y$08$QLJmp1wjF3BHSp0f0dDUVO7zMaq5gsqbSDlBs6oA4u2AllWZ3i7yC', NULL, 'armando@torres', NULL, NULL, NULL, NULL, 1540853948, 1540939179, 1, 'Armando', 'Torres', '', NULL, '72212345', NULL, NULL, NULL),
(17, '187.235.213.206', 'frank_garcia', '$2y$08$vVp.wQbep8NwgY5xyJ97TepB4jKdz0DyF7prr4qHdjfry2MY5.WGG', NULL, 'francisco@lerco.mx', NULL, NULL, NULL, NULL, 1540858275, 1540901967, 1, 'Frank', 'rolon', 'garcia', NULL, '2222101010', NULL, NULL, NULL),
(18, '187.190.153.239', 'Hector.Bosch P.', '$2y$08$XUurthlrxlahEKeB07NpbuaHryR6GQHglToKQfcKr7TjKUhHILjbO', NULL, 'hector@bosch p.', NULL, NULL, NULL, NULL, 1540942410, 1544549774, 1, 'Hector', '', '', NULL, '', NULL, NULL, NULL),
(19, '187.190.153.239', '1001', '$2y$08$aIvQOvVVCfarOi/tV2ZbV.GqSiPvXgmvjrYy61eLFjONoIZffl8m6', NULL, 'oscar@bosch', NULL, NULL, NULL, NULL, 1540942993, 1544550192, 1, 'Oscar', '', '', NULL, '', 5, 1, 4),
(20, '187.190.153.239', '1002', '$2y$08$DemZfbH5zjp7Au6LbpBRK.yqesI4isA8BE49s0qfy1xsBi3jXSpb.', NULL, 'alejandra@bosch', NULL, NULL, NULL, NULL, 1540943078, 1542908578, 1, 'Alejandra', '', '', NULL, '', 5, 3, 5),
(21, '187.190.153.239', '', '0', NULL, '', NULL, NULL, NULL, NULL, 1541010777, NULL, 1, '', '', '', NULL, '', NULL, NULL, NULL),
(22, '187.190.153.239', 'juan21', '$2y$08$.KumyjiIJO/OKVuQnrGw/OUQS6BAgCLgnsptJ4CDL11X0AZjUxFDW', NULL, 'juan@valeo', NULL, NULL, NULL, NULL, 1541023959, 1541024901, 1, 'Juan', '', '', NULL, '', NULL, NULL, NULL),
(23, '187.190.153.239', '1234', '$2y$08$9k2nY1N.ygG0FyscGrpyMOIqtRLB0doJeNVlHHZArPpAOEYJPAw0G', NULL, '', NULL, NULL, NULL, NULL, 1541024783, 1541026309, 1, 'Jorge', 'Hernandez', 'Perez', NULL, '', 6, 2, 6),
(24, '187.190.153.239', 'RobertoGM', '$2y$08$9FI3Sq9lP5q8QmDmMVxIluuRbXFjEpaPYghwP0E30a.1m5lH/fnJC', NULL, 'osidjfksdflsj@gm.com', NULL, NULL, NULL, NULL, 1541025828, 1541175239, 1, 'Roberto', 'Rojas ', 'Martinez', NULL, '7222456789', NULL, NULL, NULL),
(25, '187.190.153.239', '01', '$2y$08$iYd4LKXtiITnfkbo3VFt6uG3VEvnNmno0ANCc101CO1Lp55.g0JUu', NULL, '', NULL, NULL, NULL, NULL, 1541026185, 1541177068, 1, 'Juan ', 'Perez', 'Lopez', NULL, '', 7, 1, 7),
(26, '187.190.21.50', '639', '$2y$08$KH/iLJ1sdTgRKmUTO4BbiOme7BSVLMCasegEsq.KFQiBLCkjJ6B/W', NULL, 'juan@milmanos.net', NULL, NULL, NULL, NULL, 1541088627, 1541089670, 1, 'Juan', 'Galicia ', 'Perez ', NULL, '2215487563', 1, 3, 6),
(27, '187.190.21.50', '847', '$2y$08$J7Rsbg8npV/i.0ArcdQOX.P2M/CQt70kGpDA9PupJFuFsJSEr7Nsm', NULL, 'frank@demo.com', NULL, NULL, NULL, NULL, 1541089947, 1541090397, 1, 'frank', 'demo', '6', NULL, '2654123265', NULL, NULL, NULL),
(28, '187.190.153.239', 'Luis@jaramillo', '$2y$08$thHg/oAWTzvoJiS0/v2bYO8iOMrJ.Jbie7UcuMVU7t3kaBLqX7awO', NULL, 'luis@', NULL, NULL, NULL, NULL, 1544550643, 1547241545, 0, 'Luis', 'Jaramillo', '', NULL, '12383', NULL, NULL, NULL),
(29, '187.190.153.239', '12345', '$2y$08$xgQCm02zeUvj12GjvZzApOP/krzDHh13oXRcEMNV5iRga3gpcT1s2', NULL, 'karla@torres', NULL, NULL, NULL, NULL, 1544551220, 1547242407, 1, 'Karla', 'Torres', '', NULL, '729303', 8, 3, 9);

-- --------------------------------------------------------

--
-- Estructura de tabla para la tabla `users_groups`
--

CREATE TABLE `users_groups` (
  `id` int(11) UNSIGNED NOT NULL,
  `user_id` int(11) UNSIGNED NOT NULL,
  `group_id` mediumint(8) UNSIGNED NOT NULL
) ENGINE=InnoDB DEFAULT CHARSET=utf8;

--
-- Volcado de datos para la tabla `users_groups`
--

INSERT INTO `users_groups` (`id`, `user_id`, `group_id`) VALUES
(1, 1, 1),
(2, 2, 2),
(3, 3, 2),
(4, 4, 2),
(5, 5, 2),
(6, 6, 2),
(7, 7, 2),
(8, 8, 2),
(9, 9, 3),
(10, 10, 3),
(11, 11, 2),
(12, 12, 3),
(13, 13, 2),
(14, 14, 3),
(15, 15, 2),
(16, 16, 3),
(17, 17, 3),
(18, 18, 3),
(19, 19, 2),
(20, 20, 2),
(21, 21, 3),
(22, 22, 3),
(23, 23, 2),
(24, 24, 3),
(25, 25, 2),
(26, 26, 2),
(27, 27, 3),
(28, 28, 3),
(29, 29, 2);

-- --------------------------------------------------------

--
-- Estructura de tabla para la tabla `users_register_turns`
--

CREATE TABLE `users_register_turns` (
  `id_user_reigster_turn` int(11) UNSIGNED NOT NULL,
  `id_user` int(11) UNSIGNED NOT NULL,
  `start_date` int(11) NOT NULL DEFAULT '0',
  `end_date` int(11) NOT NULL DEFAULT '0',
  `lunch_time` int(11) NOT NULL DEFAULT '0'
) ENGINE=InnoDB DEFAULT CHARSET=latin1;

--
-- Volcado de datos para la tabla `users_register_turns`
--

INSERT INTO `users_register_turns` (`id_user_reigster_turn`, `id_user`, `start_date`, `end_date`, `lunch_time`) VALUES
(1, 2, 0, 0, 0),
(2, 2, 0, 0, 0),
(3, 2, 0, 0, 0),
(4, 2, 0, 0, 0),
(5, 2, 0, 0, 0),
(6, 2, 2147483647, 2147483647, 0),
(7, 2, 2147483647, 2147483647, 0),
(8, 2, 2147483647, 2147483647, 0),
(9, 2, 2147483647, 2147483647, 0),
(10, 2, 2147483647, 2147483647, 0),
(11, 2, -2147483648, -2147483648, 0),
(12, 2, 0, 0, 0),
(13, 2, 0, 0, 0),
(14, 2, 0, 0, 0),
(15, 2, 0, 0, 0),
(16, 2, 0, 0, 0),
(17, 2, 0, 0, 0),
(18, 2, 0, 0, 0),
(19, 2, 0, 0, 0),
(20, 2, 0, 0, 0),
(21, 2, 0, 0, 0),
(22, 2, 0, 0, 0),
(23, 3, 0, 0, 0),
(24, 3, 0, 0, 0),
(25, 2, 0, 0, 0),
(26, 2, 0, 0, 0),
(27, 11, 0, 0, 0),
(28, 2, 0, 0, 0),
(29, 2, 0, 0, 0),
(30, 2, 0, 0, 0),
(31, 2, 0, 0, 0),
(32, 15, 0, 0, 2),
(33, 15, 0, 0, 0),
(34, 15, 0, 0, 0),
(35, 15, 0, 0, 0),
(36, 15, 0, 0, 0),
(37, 15, 0, 0, 0),
(38, 2, 0, 0, 0),
(39, 15, 0, 0, 0),
(40, 11, 0, 0, 0),
(41, 15, 0, 0, 0),
(42, 19, 0, 0, 0),
(43, 20, 0, 0, 0),
(44, 19, 0, 0, 0),
(45, 19, 0, 0, 0),
(46, 19, 0, 0, 0),
(47, 20, 0, 0, 0),
(48, 19, 0, 0, 0),
(49, 19, 0, 0, 0),
(50, 20, 0, 0, 0),
(51, 19, 0, 0, 0),
(52, 2, 0, 0, 0),
(53, 23, 0, 0, 0),
(54, 25, 0, 0, 0),
(55, 25, 0, 0, 0),
(56, 23, 0, 0, 0),
(57, 2, 0, 0, 0),
(58, 2, 0, 0, 0),
(59, 2, 0, 0, 0),
(60, 2, 0, 0, 0),
(61, 2, 0, 0, 0),
(62, 25, 0, 0, 0),
(63, 2, 0, 0, 0),
(64, 20, 0, 0, 0),
(65, 2, 2147483647, 2147483647, 0),
(66, 20, 2147483647, 2147483647, 0),
(67, 2, -2147483648, -2147483648, 0),
(68, 19, 2147483647, 2147483647, 0),
(69, 20, 2147483647, 2147483647, 0),
(70, 19, 2147483647, 2147483647, 0),
(71, 19, 2147483647, 2147483647, 0),
(72, 19, 2147483647, 2147483647, 0),
(73, 19, 0, 0, 0),
(74, 19, 0, 0, 0),
(75, 19, 0, 0, 0),
(76, 19, 2147483647, -2147483648, 0),
(77, 19, -2147483648, -2147483648, 0),
(78, 29, 2147483647, 2147483647, 0),
(79, 29, 2147483647, -2147483648, 0),
(80, 29, 0, 0, 0),
(81, 29, 0, 0, 0);

-- --------------------------------------------------------

--
-- Estructura de tabla para la tabla `ws_access`
--

CREATE TABLE `ws_access` (
  `id` int(10) UNSIGNED NOT NULL,
  `UID_req` varchar(255) DEFAULT NULL,
  `time` varchar(255) DEFAULT NULL,
  `key` varchar(255) DEFAULT NULL
) ENGINE=InnoDB DEFAULT CHARSET=latin1;

--
-- Volcado de datos para la tabla `ws_access`
--

INSERT INTO `ws_access` (`id`, `UID_req`, `time`, `key`) VALUES
(1, '2', '1547595131', '96723e05c69cd64f0398fd6f1766bc1f21b57d93'),
(2, '3', '1539985546', '781db39a2079b8f24a2538d6384469ef57b1e2bb'),
(3, '11', '1541179851', '16029cbd2e25ffaee44fcaf7ece466a849995760'),
(4, '15', '1540940201', 'f6e2c7efefd49e244aa6474c2348e96c83218021'),
(5, '19', '1544551285', '03cd080808c8d3c128c0fafdb95b1adb3524491a'),
(6, '20', '1542910440', '55459b0002074f0c69ebb87a29929779466cc17c'),
(7, '23', '1541026225', 'eea336baa5bb3973d3a8d6c6b42c405616890820'),
(8, '25', '1541176743', '7c09f57466ddcf2df151a4e047f53cd79305eed8'),
(9, '29', '1547243559', '7414d2d137151ed29a75a568a8f4c11a362f0f70');

--
-- Índices para tablas volcadas
--

--
-- Indices de la tabla `areas`
--
ALTER TABLE `areas`
  ADD PRIMARY KEY (`id_area`);

--
-- Indices de la tabla `boxes`
--
ALTER TABLE `boxes`
  ADD PRIMARY KEY (`id_box`),
  ADD KEY `fk_boxes_users1_idx` (`id_operator`),
  ADD KEY `fk_boxes_htcs1_idx` (`htc`);

--
-- Indices de la tabla `box_failures`
--
ALTER TABLE `box_failures`
  ADD PRIMARY KEY (`id_box_failure`),
  ADD KEY `fk_box_failures_boxes1_idx` (`box`),
  ADD KEY `fk_box_failures_failures1_idx` (`id_failure`);

--
-- Indices de la tabla `clients`
--
ALTER TABLE `clients`
  ADD PRIMARY KEY (`id_client`);

--
-- Indices de la tabla `clients_has_contacts`
--
ALTER TABLE `clients_has_contacts`
  ADD PRIMARY KEY (`id_contact`,`id_client`),
  ADD KEY `fk_users_has_clients_clients1_idx` (`id_client`),
  ADD KEY `fk_users_has_clients_users1_idx` (`id_contact`);

--
-- Indices de la tabla `failures`
--
ALTER TABLE `failures`
  ADD PRIMARY KEY (`id_failure`),
  ADD KEY `fk_failures_htcs1_idx` (`id_htc`);

--
-- Indices de la tabla `groups`
--
ALTER TABLE `groups`
  ADD PRIMARY KEY (`id`);

--
-- Indices de la tabla `htcs`
--
ALTER TABLE `htcs`
  ADD PRIMARY KEY (`id_htc`),
  ADD KEY `fk_htcs_providers1_idx` (`id_provider`),
  ADD KEY `fk_htcs_clients1_idx` (`id_client`);

--
-- Indices de la tabla `login_attempts`
--
ALTER TABLE `login_attempts`
  ADD PRIMARY KEY (`id`);

--
-- Indices de la tabla `lots`
--
ALTER TABLE `lots`
  ADD PRIMARY KEY (`id_lot`),
  ADD KEY `fk_productions_clients1_idx` (`id_client`),
  ADD KEY `fk_lots_plants1_idx` (`id_plant`);

--
-- Indices de la tabla `providers`
--
ALTER TABLE `providers`
  ADD PRIMARY KEY (`id_provider`);

--
-- Indices de la tabla `turns`
--
ALTER TABLE `turns`
  ADD PRIMARY KEY (`id_turn`);

--
-- Indices de la tabla `users`
--
ALTER TABLE `users`
  ADD PRIMARY KEY (`id`),
  ADD KEY `fk_users_plant1_idx` (`id_plant`),
  ADD KEY `fk_users_turns1_idx` (`id_turn`),
  ADD KEY `fk_users_areas1_idx` (`id_area`);

--
-- Indices de la tabla `users_groups`
--
ALTER TABLE `users_groups`
  ADD PRIMARY KEY (`id`),
  ADD KEY `fk_users_groups_users1_idx` (`user_id`),
  ADD KEY `fk_users_groups_groups1_idx` (`group_id`);

--
-- Indices de la tabla `users_register_turns`
--
ALTER TABLE `users_register_turns`
  ADD PRIMARY KEY (`id_user_reigster_turn`),
  ADD KEY `fk_users_register_turns_users1_idx` (`id_user`);

--
-- Indices de la tabla `ws_access`
--
ALTER TABLE `ws_access`
  ADD PRIMARY KEY (`id`);

--
-- AUTO_INCREMENT de las tablas volcadas
--

--
-- AUTO_INCREMENT de la tabla `areas`
--
ALTER TABLE `areas`
  MODIFY `id_area` int(10) UNSIGNED NOT NULL AUTO_INCREMENT, AUTO_INCREMENT=10;
--
-- AUTO_INCREMENT de la tabla `boxes`
--
ALTER TABLE `boxes`
  MODIFY `id_box` int(11) UNSIGNED NOT NULL AUTO_INCREMENT, AUTO_INCREMENT=610;
--
-- AUTO_INCREMENT de la tabla `box_failures`
--
ALTER TABLE `box_failures`
  MODIFY `id_box_failure` int(11) UNSIGNED NOT NULL AUTO_INCREMENT, AUTO_INCREMENT=1958;
--
-- AUTO_INCREMENT de la tabla `clients`
--
ALTER TABLE `clients`
  MODIFY `id_client` int(11) UNSIGNED NOT NULL AUTO_INCREMENT, AUTO_INCREMENT=9;
--
-- AUTO_INCREMENT de la tabla `failures`
--
ALTER TABLE `failures`
  MODIFY `id_failure` int(11) UNSIGNED NOT NULL AUTO_INCREMENT, AUTO_INCREMENT=47;
--
-- AUTO_INCREMENT de la tabla `groups`
--
ALTER TABLE `groups`
  MODIFY `id` mediumint(8) UNSIGNED NOT NULL AUTO_INCREMENT, AUTO_INCREMENT=4;
--
-- AUTO_INCREMENT de la tabla `htcs`
--
ALTER TABLE `htcs`
  MODIFY `id_htc` int(11) UNSIGNED NOT NULL AUTO_INCREMENT, AUTO_INCREMENT=22;
--
-- AUTO_INCREMENT de la tabla `login_attempts`
--
ALTER TABLE `login_attempts`
  MODIFY `id` int(11) UNSIGNED NOT NULL AUTO_INCREMENT;
--
-- AUTO_INCREMENT de la tabla `lots`
--
ALTER TABLE `lots`
  MODIFY `id_lot` int(11) UNSIGNED NOT NULL AUTO_INCREMENT;
--
-- AUTO_INCREMENT de la tabla `providers`
--
ALTER TABLE `providers`
  MODIFY `id_provider` int(11) UNSIGNED NOT NULL AUTO_INCREMENT, AUTO_INCREMENT=12;
--
-- AUTO_INCREMENT de la tabla `turns`
--
ALTER TABLE `turns`
  MODIFY `id_turn` int(11) UNSIGNED NOT NULL AUTO_INCREMENT, AUTO_INCREMENT=6;
--
-- AUTO_INCREMENT de la tabla `users`
--
ALTER TABLE `users`
  MODIFY `id` int(11) UNSIGNED NOT NULL AUTO_INCREMENT, AUTO_INCREMENT=30;
--
-- AUTO_INCREMENT de la tabla `users_groups`
--
ALTER TABLE `users_groups`
  MODIFY `id` int(11) UNSIGNED NOT NULL AUTO_INCREMENT, AUTO_INCREMENT=30;
--
-- AUTO_INCREMENT de la tabla `users_register_turns`
--
ALTER TABLE `users_register_turns`
  MODIFY `id_user_reigster_turn` int(11) UNSIGNED NOT NULL AUTO_INCREMENT, AUTO_INCREMENT=82;
--
-- AUTO_INCREMENT de la tabla `ws_access`
--
ALTER TABLE `ws_access`
  MODIFY `id` int(10) UNSIGNED NOT NULL AUTO_INCREMENT, AUTO_INCREMENT=10;
--
-- Restricciones para tablas volcadas
--

--
-- Filtros para la tabla `boxes`
--
ALTER TABLE `boxes`
  ADD CONSTRAINT `fk_boxes_htcs1` FOREIGN KEY (`htc`) REFERENCES `htcs` (`id_htc`) ON DELETE NO ACTION ON UPDATE NO ACTION,
  ADD CONSTRAINT `fk_boxes_users1` FOREIGN KEY (`id_operator`) REFERENCES `users` (`id`) ON DELETE NO ACTION ON UPDATE NO ACTION;

--
-- Filtros para la tabla `box_failures`
--
ALTER TABLE `box_failures`
  ADD CONSTRAINT `fk_box_failures_boxes1` FOREIGN KEY (`box`) REFERENCES `boxes` (`id_box`) ON DELETE NO ACTION ON UPDATE NO ACTION,
  ADD CONSTRAINT `fk_box_failures_failures1` FOREIGN KEY (`id_failure`) REFERENCES `failures` (`id_failure`) ON DELETE NO ACTION ON UPDATE NO ACTION;

--
-- Filtros para la tabla `clients_has_contacts`
--
ALTER TABLE `clients_has_contacts`
  ADD CONSTRAINT `fk_users_has_clients_clients1` FOREIGN KEY (`id_client`) REFERENCES `clients` (`id_client`) ON DELETE NO ACTION ON UPDATE NO ACTION,
  ADD CONSTRAINT `fk_users_has_clients_users1` FOREIGN KEY (`id_contact`) REFERENCES `users` (`id`) ON DELETE NO ACTION ON UPDATE NO ACTION;

--
-- Filtros para la tabla `failures`
--
ALTER TABLE `failures`
  ADD CONSTRAINT `fk_failures_htcs1` FOREIGN KEY (`id_htc`) REFERENCES `htcs` (`id_htc`) ON DELETE NO ACTION ON UPDATE NO ACTION;

--
-- Filtros para la tabla `htcs`
--
ALTER TABLE `htcs`
  ADD CONSTRAINT `fk_htcs_clients1` FOREIGN KEY (`id_client`) REFERENCES `clients` (`id_client`) ON DELETE NO ACTION ON UPDATE NO ACTION,
  ADD CONSTRAINT `fk_htcs_providers1` FOREIGN KEY (`id_provider`) REFERENCES `providers` (`id_provider`) ON DELETE NO ACTION ON UPDATE NO ACTION;

/*!40101 SET CHARACTER_SET_CLIENT=@OLD_CHARACTER_SET_CLIENT */;
/*!40101 SET CHARACTER_SET_RESULTS=@OLD_CHARACTER_SET_RESULTS */;
/*!40101 SET COLLATION_CONNECTION=@OLD_COLLATION_CONNECTION */;
